Commodity,Price,Date,Log_Price,Low_Temp,Hi_Temp,Precip_Type,Snow_Amt,Low_Temp_Boston,Hi_Temp_Boston,Precip_Type_Boston,Snow_Amt_Boston
"Natural Gas, Transco Zone 6 NY, $ per MMBtu-I",2.13,2015-10-01,0.7561219797213337,51.3,61.78,rain,,49.78,59.53,rain,
"Natural Gas, Transco Zone 6 NY, $ per MMBtu-I",1.56,2015-10-02,0.44468582126144574,48.11,51.55,rain,,48.18,52.29,rain,
"Natural Gas, Transco Zone 6 NY, $ per MMBtu-I",2.28,2015-10-05,0.8241754429663494,48.15,64.16,,,43.01,59.73,,
"Natural Gas, Transco Zone 6 NY, $ per MMBtu-I",2.4,2015-10-06,0.8754687373538999,55.16,72.35,,,46.45,67.01,,
"Natural Gas, Transco Zone 6 NY, $ per MMBtu-I",2.45,2015-10-07,0.8960880245566357,54.52,72.24,,,50.37,69.8,rain,
"Natural Gas, Transco Zone 6 NY, $ per MMBtu-I",2.32,2015-10-08,0.8415671856782185,58.02,68.47,,,50.27,62.01,,
"Natural Gas, Transco Zone 6 NY, $ per MMBtu-I",2.22,2015-10-09,0.7975071958841882,49.13,77.21,rain,,46.67,69.49,rain,
"Natural Gas, Transco Zone 6 NY, $ per MMBtu-I",2.4,2015-10-12,0.8754687373538999,57.1,75.78,,,54.03,76.1,,
"Natural Gas, Transco Zone 6 NY, $ per MMBtu-I",2.44,2015-10-13,0.8919980393051105,54.43,70.04,rain,,54.22,70.17,rain,
"Natural Gas, Transco Zone 6 NY, $ per MMBtu-I",2.38,2015-10-14,0.8671004876833833,46.96,66.25,,,41.48,66.31,,
"Natural Gas, Transco Zone 6 NY, $ per MMBtu-I",2.34,2015-10-15,0.85015092936961,50.88,63.36,,,47.89,61.05,,
"Natural Gas, Transco Zone 6 NY, $ per MMBtu-I",2.44,2015-10-16,0.8919980393051105,43.9,62.4,,,40.8,60.21,rain,
"Natural Gas, Transco Zone 6 NY, $ per MMBtu-I",2.42,2015-10-19,0.883767540168595,45.4,52.44,,,42.59,47.76,rain,
"Natural Gas, Transco Zone 6 NY, $ per MMBtu-I",2.29,2015-10-20,0.8285518175661483,50.76,70.56,,,54.64,65.19,rain,
"Natural Gas, Transco Zone 6 NY, $ per MMBtu-I",2.17,2015-10-21,0.7747271675523681,51.57,75.05,,,53.11,59.21,rain,
"Natural Gas, Transco Zone 6 NY, $ per MMBtu-I",2.38,2015-10-22,0.8671004876833833,51.41,74.29,,,48.31,72.2,,
"Natural Gas, Transco Zone 6 NY, $ per MMBtu-I",2.25,2015-10-23,0.8109302162163288,39.56,59.65,,,35.53,50.09,,
"Natural Gas, Transco Zone 6 NY, $ per MMBtu-I",2.16,2015-10-26,0.7701082216960737,38.61,58.9,,,31.71,53.36,,
"Natural Gas, Transco Zone 6 NY, $ per MMBtu-I",1.99,2015-10-27,0.688134638736401,50.31,57.89,,,37.54,55.7,,
"Natural Gas, Transco Zone 6 NY, $ per MMBtu-I",2.1,2015-10-28,0.7419373447293773,62.11,66.14,rain,,55.43,55.15,rain,
"Natural Gas, Transco Zone 6 NY, $ per MMBtu-I",2.03,2015-10-29,0.7080357930536959,46.65,71.51,rain,,47.88,74.34,rain,
"Natural Gas, Transco Zone 6 NY, $ per MMBtu-I",1.48,2015-10-30,0.3920420877760237,36.48,60.08,,,33.45,59.8,,
"Natural Gas, Transco Zone 6 NY, $ per MMBtu-I",1.55,2015-11-02,0.4382549309311553,42.95,63.26,,,41.4,63.92,,
"Natural Gas, Transco Zone 6 NY, $ per MMBtu-I",1.39,2015-11-03,0.3293037471426003,48.04,74.57,,,44.34,71.98,,
"Natural Gas, Transco Zone 6 NY, $ per MMBtu-I",1.36,2015-11-04,0.3074846997479607,54.46,68.45,,,51.27,63.93,,
"Natural Gas, Transco Zone 6 NY, $ per MMBtu-I",1.32,2015-11-05,0.27763173659827955,64.63,68.52,rain,,61.37,73.96,,
"Natural Gas, Transco Zone 6 NY, $ per MMBtu-I",1.57,2015-11-06,0.45107561936021673,59.76,73.12,rain,,57.39,72.87,,
"Natural Gas, Transco Zone 6 NY, $ per MMBtu-I",1.77,2015-11-09,0.5709795465857378,51.33,59.21,,,41.35,59.6,,
"Natural Gas, Transco Zone 6 NY, $ per MMBtu-I",1.64,2015-11-10,0.494696241836107,50.33,56.87,rain,,46.69,53.55,rain,
"Natural Gas, Transco Zone 6 NY, $ per MMBtu-I",1.53,2015-11-11,0.4252677354043441,52.54,60.19,rain,,45.62,47.2,rain,
"Natural Gas, Transco Zone 6 NY, $ per MMBtu-I",1.79,2015-11-12,0.5822156198526637,54.0,58.41,rain,,49.37,51.81,rain,
"Natural Gas, Transco Zone 6 NY, $ per MMBtu-I",1.85,2015-11-13,0.6151856390902335,43.63,57.61,,,41.91,58.42,rain,
"Natural Gas, Transco Zone 6 NY, $ per MMBtu-I",2.01,2015-11-16,0.6981347220709843,40.38,67.75,,,31.39,60.24,,
"Natural Gas, Transco Zone 6 NY, $ per MMBtu-I",1.95,2015-11-17,0.6678293725756554,41.31,50.47,,,26.78,46.17,rain,
"Natural Gas, Transco Zone 6 NY, $ per MMBtu-I",2.09,2015-11-18,0.7371640659767196,56.99,57.08,,,39.13,49.64,,
"Natural Gas, Transco Zone 6 NY, $ per MMBtu-I",2.05,2015-11-19,0.7178397931503168,52.34,61.98,rain,,53.82,55.43,rain,
"Natural Gas, Transco Zone 6 NY, $ per MMBtu-I",2.19,2015-11-20,0.7839015438284094,39.13,56.73,rain,,35.74,59.52,rain,
"Natural Gas, Transco Zone 6 NY, $ per MMBtu-I",2.27,2015-11-23,0.8197798314933114,27.05,42.31,,,24.42,41.28,rain,
"Natural Gas, Transco Zone 6 NY, $ per MMBtu-I",2.01,2015-11-24,0.6981347220709843,30.43,46.42,,,25.05,43.55,snow,0
"Natural Gas, Transco Zone 6 NY, $ per MMBtu-I",1.74,2015-11-25,0.5538851132264376,32.33,49.48,,,35.13,46.08,rain,
"Natural Gas, Transco Zone 6 NY, $ per MMBtu-I",2.11,2015-11-30,0.7466879474879751,43.41,44.97,,,26.88,37.81,,
"Natural Gas, Transco Zone 6 NY, $ per MMBtu-I",2.03,2015-12-01,0.7080357930536959,46.34,49.85,rain,,39.29,41.61,rain,
"Natural Gas, Transco Zone 6 NY, $ per MMBtu-I",2.18,2015-12-02,0.7793248768009977,45.73,53.19,rain,,46.52,46.9,rain,
"Natural Gas, Transco Zone 6 NY, $ per MMBtu-I",2.1,2015-12-03,0.7419373447293773,41.46,48.81,rain,,33.74,46.9,rain,
"Natural Gas, Transco Zone 6 NY, $ per MMBtu-I",1.87,2015-12-04,0.6259384308664954,33.06,50.9,,,34.2,47.11,,
"Natural Gas, Transco Zone 6 NY, $ per MMBtu-I",2.05,2015-12-07,0.7178397931503168,39.28,54.89,,,38.98,56.53,,
"Natural Gas, Transco Zone 6 NY, $ per MMBtu-I",2.0,2015-12-08,0.6931471805599453,32.66,47.86,,,36.49,41.99,,
"Natural Gas, Transco Zone 6 NY, $ per MMBtu-I",1.77,2015-12-09,0.5709795465857378,47.76,51.62,,,43.68,46.12,,
"Natural Gas, Transco Zone 6 NY, $ per MMBtu-I",1.33,2015-12-10,0.28517894223366247,43.14,59.79,rain,,43.43,57.36,,
"Natural Gas, Transco Zone 6 NY, $ per MMBtu-I",0.9,2015-12-11,-0.10536051565782628,48.26,59.4,,,46.57,57.29,,
"Natural Gas, Transco Zone 6 NY, $ per MMBtu-I",1.4,2015-12-14,0.3364722366212129,57.13,62.54,rain,,49.08,50.85,rain,
"Natural Gas, Transco Zone 6 NY, $ per MMBtu-I",1.71,2015-12-15,0.5364933705145685,43.65,59.19,rain,,39.64,57.79,rain,
"Natural Gas, Transco Zone 6 NY, $ per MMBtu-I",1.48,2015-12-16,0.3920420877760237,47.73,51.31,rain,,36.59,44.04,,
"Natural Gas, Transco Zone 6 NY, $ per MMBtu-I",1.74,2015-12-17,0.5538851132264376,45.89,56.88,rain,,46.83,50.32,rain,
"Natural Gas, Transco Zone 6 NY, $ per MMBtu-I",1.8,2015-12-18,0.5877866649021191,33.47,47.64,rain,,34.09,49.45,rain,
"Natural Gas, Transco Zone 6 NY, $ per MMBtu-I",1.53,2015-12-21,0.4252677354043441,50.87,52.23,,,49.8,52.23,rain,
"Natural Gas, Transco Zone 6 NY, $ per MMBtu-I",1.02,2015-12-22,0.01980262729617973,50.42,59.75,rain,,44.88,58.48,rain,
"Natural Gas, Transco Zone 6 NY, $ per MMBtu-I",0.96,2015-12-23,-0.040821994520255166,58.46,58.03,rain,,49.23,53.87,rain,
"Natural Gas, Transco Zone 6 NY, $ per MMBtu-I",0.9,2015-12-24,-0.10536051565782628,55.76,69.96,rain,,48.13,68.49,rain,
"Natural Gas, Transco Zone 6 NY, $ per MMBtu-I",1.97,2015-12-28,0.6780335427498971,35.03,41.52,rain,,28.82,34.16,,
"Natural Gas, Transco Zone 6 NY, $ per MMBtu-I",2.05,2015-12-30,0.7178397931503168,44.47,46.09,rain,,31.05,30.42,,
"Natural Gas, Transco Zone 6 NY, $ per MMBtu-I",2.96,2015-12-31,1.085189268335969,37.94,47.62,rain,,34.96,45.02,rain,
"Natural Gas, Transco Zone 6 NY, $ per MMBtu-I",7.21,2016-01-04,1.9754689512968577,10.65,29.84,,,8.09,29.56,,
"Natural Gas, Transco Zone 6 NY, $ per MMBtu-I",3.61,2016-01-05,1.2837077723447896,16.66,29.3,,,17.51,25.4,,
"Natural Gas, Transco Zone 6 NY, $ per MMBtu-I",3.01,2016-01-06,1.1019400787607843,24.27,41.14,,,23.19,44.16,snow,0
"Natural Gas, Transco Zone 6 NY, $ per MMBtu-I",2.61,2016-01-07,0.959350221334602,32.11,45.16,,,27.11,42.32,snow,0
"Natural Gas, Transco Zone 6 NY, $ per MMBtu-I",3.21,2016-01-08,1.1662709371419244,39.94,43.76,,,37.81,39.06,rain,
"Natural Gas, Transco Zone 6 NY, $ per MMBtu-I",4.55,2016-01-11,1.5151272329628591,20.7,33.57,,,18.69,33.75,snow,0.029
"Natural Gas, Transco Zone 6 NY, $ per MMBtu-I",6.81,2016-01-12,1.918392120161421,21.84,43.06,,,23.99,36.57,snow,0.19
"Natural Gas, Transco Zone 6 NY, $ per MMBtu-I",2.83,2016-01-13,1.0402767116551463,22.37,28.31,,,20.13,28.67,snow,0.054
"Natural Gas, Transco Zone 6 NY, $ per MMBtu-I",2.17,2016-01-14,0.7747271675523681,29.61,37.43,,,22.88,29.6,snow,0.017
"Natural Gas, Transco Zone 6 NY, $ per MMBtu-I",6.58,2016-01-15,1.884034745337226,42.22,48.4,rain,,36.72,37.99,rain,
"Natural Gas, Transco Zone 6 NY, $ per MMBtu-I",4.03,2016-01-19,1.3937663759585917,26.31,28.84,,,18.7,24.03,,
"Natural Gas, Transco Zone 6 NY, $ per MMBtu-I",3.58,2016-01-20,1.275362800412609,25.95,36.68,,,19.34,32.06,,
"Natural Gas, Transco Zone 6 NY, $ per MMBtu-I",3.5,2016-01-21,1.252762968495368,19.79,35.73,,,18.12,32.09,,
"Natural Gas, Transco Zone 6 NY, $ per MMBtu-I",3.8,2016-01-22,1.33500106673234,24.09,28.76,,,24.36,30.71,,
"Natural Gas, Transco Zone 6 NY, $ per MMBtu-I",2.68,2016-01-25,0.9858167945227654,27.97,37.4,snow,0.017,28.35,38.28,snow,0.011
"Natural Gas, Transco Zone 6 NY, $ per MMBtu-I",2.52,2016-01-26,0.9242589015233319,40.52,48.3,rain,,40.28,51.01,rain,
"Natural Gas, Transco Zone 6 NY, $ per MMBtu-I",2.43,2016-01-27,0.8878912573524571,22.28,44.66,,,22.13,44.21,,
"Natural Gas, Transco Zone 6 NY, $ per MMBtu-I",2.27,2016-01-28,0.8197798314933114,29.88,42.96,,,32.86,42.55,,
"Natural Gas, Transco Zone 6 NY, $ per MMBtu-I",2.29,2016-01-29,0.8285518175661483,25.77,40.66,,,29.43,40.2,,
"Natural Gas, Transco Zone 6 NY, $ per MMBtu-I",2.09,2016-02-01,0.7371640659767196,32.02,58.33,rain,,31.53,63.18,,
"Natural Gas, Transco Zone 6 NY, $ per MMBtu-I",1.6,2016-02-02,0.47000362924573563,36.23,50.04,,,34.33,49.54,,
"Natural Gas, Transco Zone 6 NY, $ per MMBtu-I",1.79,2016-02-03,0.5822156198526637,52.25,56.16,rain,,55.03,55.13,rain,
"Natural Gas, Transco Zone 6 NY, $ per MMBtu-I",2.07,2016-02-04,0.7275486072772777,32.18,53.88,rain,,33.41,56.39,rain,
"Natural Gas, Transco Zone 6 NY, $ per MMBtu-I",2.15,2016-02-05,0.7654678421395714,25.23,39.44,rain,,18.07,33.86,snow,1.27
"Natural Gas, Transco Zone 6 NY, $ per MMBtu-I",2.9,2016-02-08,1.0647107369924282,27.75,37.86,snow,0.015,20.03,28.16,snow,0.562
"Natural Gas, Transco Zone 6 NY, $ per MMBtu-I",3.46,2016-02-09,1.2412685890696329,31.72,34.59,snow,0.065,17.03,29.19,snow,0.162
"Natural Gas, Transco Zone 6 NY, $ per MMBtu-I",5.99,2016-02-10,1.7900914121273581,22.2,38.19,snow,0.075,24.2,35.33,snow,0.512
"Natural Gas, Transco Zone 6 NY, $ per MMBtu-I",5.42,2016-02-11,1.6900958154515549,14.44,25.29,,,5.06,26.57,,
"Natural Gas, Transco Zone 6 NY, $ per MMBtu-I",8.14,2016-02-12,2.096790180014449,19.95,26.33,,,16.5,23.93,,
"Natural Gas, Transco Zone 6 NY, $ per MMBtu-I",1.94,2016-02-16,0.6626879730752367,35.91,53.61,rain,,32.99,54.64,rain,
"Natural Gas, Transco Zone 6 NY, $ per MMBtu-I",2.12,2016-02-17,0.7514160886839212,27.65,39.4,,,27.73,44.81,rain,
"Natural Gas, Transco Zone 6 NY, $ per MMBtu-I",1.97,2016-02-18,0.6780335427498971,21.5,35.66,,,17.66,32.95,,
"Natural Gas, Transco Zone 6 NY, $ per MMBtu-I",1.74,2016-02-19,0.5538851132264376,35.57,36.07,,,33.11,40.05,snow,0
"Natural Gas, Transco Zone 6 NY, $ per MMBtu-I",1.83,2016-02-22,0.6043159668533296,34.93,51.94,rain,,25.13,44.86,,
"Natural Gas, Transco Zone 6 NY, $ per MMBtu-I",1.71,2016-02-23,0.5364933705145685,36.11,40.2,rain,,34.69,38.61,,
"Natural Gas, Transco Zone 6 NY, $ per MMBtu-I",1.78,2016-02-24,0.5766133643039938,52.36,59.15,rain,,43.55,41.89,rain,
"Natural Gas, Transco Zone 6 NY, $ per MMBtu-I",1.9,2016-02-25,0.6418538861723947,31.71,52.81,rain,,33.15,59.05,rain,
"Natural Gas, Transco Zone 6 NY, $ per MMBtu-I",1.13,2016-02-26,0.12221763272424911,24.84,36.78,,,19.91,38.31,rain,
"Natural Gas, Transco Zone 6 NY, $ per MMBtu-I",1.12,2016-02-29,0.11332868530700327,38.75,60.3,rain,,33.69,62.18,,
"Natural Gas, Transco Zone 6 NY, $ per MMBtu-I",1.61,2016-03-01,0.4762341789963717,44.4,50.14,,,37.5,45.39,,
"Natural Gas, Transco Zone 6 NY, $ per MMBtu-I",1.71,2016-03-02,0.5364933705145685,25.22,49.21,rain,,19.96,51.95,rain,
"Natural Gas, Transco Zone 6 NY, $ per MMBtu-I",1.24,2016-03-04,0.2151113796169455,27.57,38.55,snow,0.131,23.2,30.5,snow,0.017
"Natural Gas, Transco Zone 6 NY, $ per MMBtu-I",1.1,2016-03-07,0.09531017980432493,43.29,60.89,,,31.11,49.53,,
"Natural Gas, Transco Zone 6 NY, $ per MMBtu-I",1.02,2016-03-08,0.01980262729617973,39.97,65.54,,,41.45,52.45,,
"Natural Gas, Transco Zone 6 NY, $ per MMBtu-I",1.0,2016-03-09,0.0,59.99,78.38,,,61.6,76.61,,
"Natural Gas, Transco Zone 6 NY, $ per MMBtu-I",1.02,2016-03-10,0.01980262729617973,56.25,78.61,rain,,47.62,65.32,rain,
"Natural Gas, Transco Zone 6 NY, $ per MMBtu-I",0.88,2016-03-11,-0.12783337150988489,37.62,63.8,rain,,31.09,55.07,rain,
"Natural Gas, Transco Zone 6 NY, $ per MMBtu-I",1.12,2016-03-14,0.11332868530700327,42.71,47.06,rain,,39.79,42.03,rain,
"Natural Gas, Transco Zone 6 NY, $ per MMBtu-I",1.17,2016-03-15,0.1570037488096647,42.98,55.48,rain,,41.53,46.39,rain,
"Natural Gas, Transco Zone 6 NY, $ per MMBtu-I",1.18,2016-03-16,0.16551443847757333,44.8,63.96,rain,,43.07,52.11,rain,
"Natural Gas, Transco Zone 6 NY, $ per MMBtu-I",1.47,2016-03-17,0.3852624007906449,44.94,61.07,rain,,42.61,62.93,rain,
"Natural Gas, Transco Zone 6 NY, $ per MMBtu-I",1.96,2016-03-18,0.6729444732424258,34.88,57.01,,,27.96,51.65,rain,
"Natural Gas, Transco Zone 6 NY, $ per MMBtu-I",1.28,2016-03-21,0.2468600779315258,32.84,49.13,rain,,31.21,43.11,snow,0.439
"Natural Gas, Transco Zone 6 NY, $ per MMBtu-I",1.24,2016-03-22,0.2151113796169455,45.2,55.99,,,41.69,49.0,rain,
"Natural Gas, Transco Zone 6 NY, $ per MMBtu-I",1.26,2016-03-23,0.23111172096338664,44.21,70.9,,,38.04,61.66,rain,
"Natural Gas, Transco Zone 6 NY, $ per MMBtu-I",1.12,2016-03-24,0.11332868530700327,45.73,52.86,,,36.72,41.48,rain,
"Natural Gas, Transco Zone 6 NY, $ per MMBtu-I",1.56,2016-03-28,0.44468582126144574,43.88,62.17,rain,,42.2,43.29,rain,
"Natural Gas, Transco Zone 6 NY, $ per MMBtu-I",1.47,2016-03-29,0.3852624007906449,32.29,53.44,,,30.49,50.58,rain,
"Natural Gas, Transco Zone 6 NY, $ per MMBtu-I",1.28,2016-03-30,0.2468600779315258,46.08,54.69,,,42.35,58.64,,
"Natural Gas, Transco Zone 6 NY, $ per MMBtu-I",1.29,2016-03-31,0.25464221837358075,63.39,72.22,,,60.6,70.64,,
"Natural Gas, Transco Zone 6 NY, $ per MMBtu-I",1.71,2016-04-01,0.5364933705145685,52.67,78.66,rain,,50.2,69.22,rain,
"Natural Gas, Transco Zone 6 NY, $ per MMBtu-I",2.01,2016-04-04,0.6981347220709843,25.99,44.57,rain,,22.21,28.78,snow,0.648
"Natural Gas, Transco Zone 6 NY, $ per MMBtu-I",1.97,2016-04-05,0.6780335427498971,26.8,42.34,,,20.91,37.22,snow,0.621
"Natural Gas, Transco Zone 6 NY, $ per MMBtu-I",1.84,2016-04-06,0.6097655716208943,44.09,47.97,,,39.02,42.29,rain,
"Natural Gas, Transco Zone 6 NY, $ per MMBtu-I",1.74,2016-04-07,0.5538851132264376,42.66,58.51,rain,,45.05,56.25,rain,
"Natural Gas, Transco Zone 6 NY, $ per MMBtu-I",1.7,2016-04-08,0.5306282510621704,31.5,46.42,,,29.75,50.82,rain,
"Natural Gas, Transco Zone 6 NY, $ per MMBtu-I",1.68,2016-04-11,0.5187937934151675,55.78,64.72,rain,,53.96,59.89,rain,
"Natural Gas, Transco Zone 6 NY, $ per MMBtu-I",1.77,2016-04-12,0.5709795465857378,37.74,58.56,rain,,34.96,59.75,rain,
"Natural Gas, Transco Zone 6 NY, $ per MMBtu-I",1.65,2016-04-13,0.5007752879124892,39.5,55.76,,,35.5,52.4,rain,
"Natural Gas, Transco Zone 6 NY, $ per MMBtu-I",1.48,2016-04-14,0.3920420877760237,37.6,60.32,,,36.13,51.55,,
"Natural Gas, Transco Zone 6 NY, $ per MMBtu-I",1.31,2016-04-15,0.2700271372130602,39.92,62.97,,,39.73,56.94,,
"Natural Gas, Transco Zone 6 NY, $ per MMBtu-I",1.4,2016-04-18,0.3364722366212129,56.21,79.59,,,44.29,68.4,,
"Natural Gas, Transco Zone 6 NY, $ per MMBtu-I",1.54,2016-04-19,0.43178241642553783,48.04,70.75,,,43.44,56.13,rain,
"Natural Gas, Transco Zone 6 NY, $ per MMBtu-I",1.46,2016-04-20,0.37843643572024505,43.7,67.65,,,39.3,56.17,,
"Natural Gas, Transco Zone 6 NY, $ per MMBtu-I",1.37,2016-04-21,0.3148107398400336,58.11,73.92,,,57.2,76.3,,
"Natural Gas, Transco Zone 6 NY, $ per MMBtu-I",1.42,2016-04-22,0.35065687161316933,61.45,79.4,,,59.5,78.06,rain,
"Natural Gas, Transco Zone 6 NY, $ per MMBtu-I",1.5,2016-04-25,0.4054651081081644,52.79,67.62,,,44.31,60.79,,
"Natural Gas, Transco Zone 6 NY, $ per MMBtu-I",1.43,2016-04-26,0.3576744442718159,47.05,67.44,rain,,33.92,44.5,rain,
"Natural Gas, Transco Zone 6 NY, $ per MMBtu-I",1.47,2016-04-27,0.3852624007906449,46.86,59.71,,,36.75,60.44,rain,
"Natural Gas, Transco Zone 6 NY, $ per MMBtu-I",1.33,2016-04-28,0.28517894223366247,46.9,56.27,rain,,41.9,57.57,,
"Natural Gas, Transco Zone 6 NY, $ per MMBtu-I",1.45,2016-04-29,0.371563556432483,46.61,54.32,rain,,39.19,53.76,,
"Natural Gas, Transco Zone 6 NY, $ per MMBtu-I",1.89,2016-05-02,0.636576829071551,52.78,59.49,rain,,45.45,50.66,rain,
"Natural Gas, Transco Zone 6 NY, $ per MMBtu-I",1.87,2016-05-03,0.6259384308664954,49.1,53.81,rain,,45.02,50.73,rain,
"Natural Gas, Transco Zone 6 NY, $ per MMBtu-I",1.99,2016-05-04,0.688134638736401,46.89,51.49,rain,,43.5,49.57,rain,
"Natural Gas, Transco Zone 6 NY, $ per MMBtu-I",1.83,2016-05-05,0.6043159668533296,49.0,57.26,rain,,44.78,46.54,rain,
"Natural Gas, Transco Zone 6 NY, $ per MMBtu-I",1.44,2016-05-06,0.36464311358790924,48.86,51.93,rain,,46.09,55.83,rain,
"Natural Gas, Transco Zone 6 NY, $ per MMBtu-I",1.75,2016-05-09,0.5596157879354227,47.64,71.87,,,41.82,64.81,,
"Natural Gas, Transco Zone 6 NY, $ per MMBtu-I",1.64,2016-05-10,0.494696241836107,47.68,59.66,,,45.47,70.98,,
"Natural Gas, Transco Zone 6 NY, $ per MMBtu-I",1.56,2016-05-11,0.44468582126144574,52.38,74.87,,,48.78,75.2,,
"Natural Gas, Transco Zone 6 NY, $ per MMBtu-I",1.54,2016-05-12,0.43178241642553783,56.41,76.36,,,50.64,74.51,,
"Natural Gas, Transco Zone 6 NY, $ per MMBtu-I",1.49,2016-05-13,0.3987761199573678,54.72,65.09,rain,,55.89,72.52,rain,
"Natural Gas, Transco Zone 6 NY, $ per MMBtu-I",1.61,2016-05-16,0.4762341789963717,53.27,66.37,,,48.25,57.76,,
"Natural Gas, Transco Zone 6 NY, $ per MMBtu-I",1.53,2016-05-17,0.4252677354043441,51.25,65.7,rain,,49.12,69.62,,
"Natural Gas, Transco Zone 6 NY, $ per MMBtu-I",1.4,2016-05-18,0.3364722366212129,53.19,66.38,rain,,49.72,62.1,,
"Natural Gas, Transco Zone 6 NY, $ per MMBtu-I",1.35,2016-05-19,0.30010459245033816,50.3,70.13,rain,,47.98,65.71,rain,
"Natural Gas, Transco Zone 6 NY, $ per MMBtu-I",1.31,2016-05-20,0.2700271372130602,52.38,75.68,,,50.97,72.32,rain,
"Natural Gas, Transco Zone 6 NY, $ per MMBtu-I",1.51,2016-05-23,0.412109650826833,57.78,74.73,rain,,53.38,76.15,,
"Natural Gas, Transco Zone 6 NY, $ per MMBtu-I",1.66,2016-05-24,0.5068176023684519,55.69,75.21,rain,,53.56,57.29,rain,
"Natural Gas, Transco Zone 6 NY, $ per MMBtu-I",1.62,2016-05-25,0.4824261492442928,66.21,88.14,,,61.42,87.02,rain,
"Natural Gas, Transco Zone 6 NY, $ per MMBtu-I",1.54,2016-05-26,0.43178241642553783,68.56,90.16,,,59.7,82.59,,
"Natural Gas, Transco Zone 6 NY, $ per MMBtu-I",1.52,2016-05-27,0.41871033485818504,69.33,86.54,rain,,65.77,78.76,,
"Natural Gas, Transco Zone 6 NY, $ per MMBtu-I",1.6,2016-05-31,0.47000362924573563,65.94,83.39,,,60.99,85.52,,
"Natural Gas, Transco Zone 6 NY, $ per MMBtu-I",1.71,2016-06-01,0.5364933705145685,61.06,82.81,,,54.46,72.76,,
"Natural Gas, Transco Zone 6 NY, $ per MMBtu-I",1.83,2016-06-02,0.6043159668533296,63.08,73.17,,,57.99,67.04,,
"Natural Gas, Transco Zone 6 NY, $ per MMBtu-I",1.65,2016-06-03,0.5007752879124892,65.07,69.11,rain,,62.36,70.13,,
"Natural Gas, Transco Zone 6 NY, $ per MMBtu-I",1.89,2016-06-06,0.636576829071551,68.21,84.07,rain,,63.42,81.92,rain,
"Natural Gas, Transco Zone 6 NY, $ per MMBtu-I",1.71,2016-06-07,0.5364933705145685,58.73,84.26,rain,,57.42,83.29,rain,
"Natural Gas, Transco Zone 6 NY, $ per MMBtu-I",1.66,2016-06-08,0.5068176023684519,52.42,66.32,rain,,52.72,71.64,rain,
"Natural Gas, Transco Zone 6 NY, $ per MMBtu-I",1.55,2016-06-09,0.4382549309311553,55.22,71.97,,,53.71,66.19,,
"Natural Gas, Transco Zone 6 NY, $ per MMBtu-I",1.62,2016-06-10,0.4824261492442928,54.05,77.1,,,51.78,70.15,rain,
"Natural Gas, Transco Zone 6 NY, $ per MMBtu-I",1.74,2016-06-13,0.5538851132264376,58.08,73.69,,,54.28,70.27,,
"Natural Gas, Transco Zone 6 NY, $ per MMBtu-I",1.85,2016-06-14,0.6151856390902335,58.21,79.36,,,60.54,77.25,,
"Natural Gas, Transco Zone 6 NY, $ per MMBtu-I",1.85,2016-06-15,0.6151856390902335,66.78,84.29,,,61.65,82.97,rain,
"Natural Gas, Transco Zone 6 NY, $ per MMBtu-I",1.78,2016-06-16,0.5766133643039938,62.73,73.53,rain,,57.53,81.62,,
"Natural Gas, Transco Zone 6 NY, $ per MMBtu-I",1.72,2016-06-17,0.5423242908253617,56.03,76.15,,,56.29,77.97,rain,
"Natural Gas, Transco Zone 6 NY, $ per MMBtu-I",2.19,2016-06-20,0.7839015438284094,73.19,84.82,,,64.33,84.26,rain,
"Natural Gas, Transco Zone 6 NY, $ per MMBtu-I",2.25,2016-06-21,0.8109302162163288,63.61,87.02,rain,,57.3,84.22,rain,
"Natural Gas, Transco Zone 6 NY, $ per MMBtu-I",2.01,2016-06-22,0.6981347220709843,66.91,84.78,,,54.6,76.69,rain,
"Natural Gas, Transco Zone 6 NY, $ per MMBtu-I",1.99,2016-06-23,0.688134638736401,66.75,81.98,rain,,57.44,81.05,,
"Natural Gas, Transco Zone 6 NY, $ per MMBtu-I",1.88,2016-06-24,0.6312717768418578,63.02,80.09,,,55.49,76.84,,
"Natural Gas, Transco Zone 6 NY, $ per MMBtu-I",2.29,2016-06-27,0.8285518175661483,69.7,84.11,rain,,68.24,85.3,,
"Natural Gas, Transco Zone 6 NY, $ per MMBtu-I",2.34,2016-06-28,0.85015092936961,67.12,76.46,rain,,68.24,78.09,rain,
"Natural Gas, Transco Zone 6 NY, $ per MMBtu-I",2.08,2016-06-29,0.7323678937132266,64.81,83.13,rain,,63.16,84.93,rain,
"Natural Gas, Transco Zone 6 NY, $ per MMBtu-I",1.87,2016-06-30,0.6259384308664954,66.88,84.48,,,64.66,82.53,,
"Natural Gas, Transco Zone 6 NY, $ per MMBtu-I",1.57,2016-07-01,0.45107561936021673,64.98,80.04,rain,,64.37,84.11,rain,
"Natural Gas, Transco Zone 6 NY, $ per MMBtu-I",2.66,2016-07-05,0.9783261227936078,72.31,87.27,rain,,67.41,81.34,rain,
"Natural Gas, Transco Zone 6 NY, $ per MMBtu-I",2.85,2016-07-06,1.0473189942805592,74.69,91.28,,,65.5,91.84,,
"Natural Gas, Transco Zone 6 NY, $ per MMBtu-I",2.92,2016-07-07,1.0715836162801904,74.04,90.74,rain,,62.72,78.32,rain,
"Natural Gas, Transco Zone 6 NY, $ per MMBtu-I",1.64,2016-07-08,0.494696241836107,66.01,87.39,rain,,60.16,69.02,rain,
"Natural Gas, Transco Zone 6 NY, $ per MMBtu-I",2.04,2016-07-11,0.712949807856125,64.14,80.84,,,59.0,76.8,,
"Natural Gas, Transco Zone 6 NY, $ per MMBtu-I",2.0,2016-07-12,0.6931471805599453,68.55,83.38,,,65.99,86.5,,
"Natural Gas, Transco Zone 6 NY, $ per MMBtu-I",2.29,2016-07-13,0.8285518175661483,73.76,83.34,rain,,68.55,89.68,,
"Natural Gas, Transco Zone 6 NY, $ per MMBtu-I",2.58,2016-07-14,0.9477893989335261,76.13,89.36,rain,,71.69,82.91,rain,
"Natural Gas, Transco Zone 6 NY, $ per MMBtu-I",1.77,2016-07-15,0.5709795465857378,73.35,89.22,,,69.05,92.73,rain,
"Natural Gas, Transco Zone 6 NY, $ per MMBtu-I",2.0,2016-07-18,0.6931471805599453,72.39,92.77,rain,,70.9,93.31,rain,
"Natural Gas, Transco Zone 6 NY, $ per MMBtu-I",1.89,2016-07-19,0.636576829071551,66.01,83.0,,,58.63,81.13,,
"Natural Gas, Transco Zone 6 NY, $ per MMBtu-I",2.21,2016-07-20,0.7929925155296614,67.13,82.92,,,61.44,81.91,,
"Natural Gas, Transco Zone 6 NY, $ per MMBtu-I",2.77,2016-07-21,1.0188473201992472,71.96,88.44,,,71.52,89.13,,
"Natural Gas, Transco Zone 6 NY, $ per MMBtu-I",2.89,2016-07-22,1.0612565021243408,77.79,94.29,,,71.2,95.16,rain,
"Natural Gas, Transco Zone 6 NY, $ per MMBtu-I",2.79,2016-07-25,1.0260415958332743,71.01,92.78,rain,,73.01,92.0,,
"Natural Gas, Transco Zone 6 NY, $ per MMBtu-I",2.62,2016-07-26,0.9631743177730056,72.19,90.4,rain,,67.5,91.98,,
"Natural Gas, Transco Zone 6 NY, $ per MMBtu-I",2.39,2016-07-27,0.8712933659434193,72.36,90.31,,,68.36,89.35,,
"Natural Gas, Transco Zone 6 NY, $ per MMBtu-I",1.66,2016-07-28,0.5068176023684519,70.55,91.83,rain,,72.39,91.73,,
"Natural Gas, Transco Zone 6 NY, $ per MMBtu-I",2.04,2016-07-29,0.712949807856125,71.39,84.69,rain,,66.99,82.26,rain,
"Natural Gas, Transco Zone 6 NY, $ per MMBtu-I",2.03,2016-08-01,0.7080357930536959,70.42,77.63,rain,,66.56,74.45,rain,
"Natural Gas, Transco Zone 6 NY, $ per MMBtu-I",1.96,2016-08-02,0.6729444732424258,63.83,76.64,rain,,59.29,74.63,rain,
"Natural Gas, Transco Zone 6 NY, $ per MMBtu-I",1.73,2016-08-03,0.5481214085096876,62.63,79.74,,,59.68,82.34,,
"Natural Gas, Transco Zone 6 NY, $ per MMBtu-I",1.55,2016-08-04,0.4382549309311553,64.59,81.26,,,62.0,85.0,,
"Natural Gas, Transco Zone 6 NY, $ per MMBtu-I",1.53,2016-08-05,0.4252677354043441,72.1,83.07,,,69.44,87.11,,
"Natural Gas, Transco Zone 6 NY, $ per MMBtu-I",1.94,2016-08-08,0.6626879730752367,66.35,83.48,,,62.83,85.06,,
"Natural Gas, Transco Zone 6 NY, $ per MMBtu-I",2.12,2016-08-09,0.7514160886839212,75.33,86.5,,,67.59,85.74,,
"Natural Gas, Transco Zone 6 NY, $ per MMBtu-I",2.44,2016-08-10,0.8919980393051105,78.38,88.11,rain,,73.38,77.66,rain,
"Natural Gas, Transco Zone 6 NY, $ per MMBtu-I",2.74,2016-08-11,1.007957920399979,74.04,92.88,rain,,76.69,94.49,rain,
"Natural Gas, Transco Zone 6 NY, $ per MMBtu-I",2.77,2016-08-12,1.0188473201992472,78.79,94.29,rain,,69.69,95.59,rain,
"Natural Gas, Transco Zone 6 NY, $ per MMBtu-I",2.8,2016-08-15,1.0296194171811581,75.67,90.48,,,66.95,87.64,,
"Natural Gas, Transco Zone 6 NY, $ per MMBtu-I",2.73,2016-08-16,1.0043016091968684,75.61,89.68,rain,,76.6,81.78,rain,
"Natural Gas, Transco Zone 6 NY, $ per MMBtu-I",2.44,2016-08-17,0.8919980393051105,72.84,84.92,rain,,63.89,82.36,,
"Natural Gas, Transco Zone 6 NY, $ per MMBtu-I",2.01,2016-08-18,0.6981347220709843,72.45,85.25,rain,,69.21,88.51,,
"Natural Gas, Transco Zone 6 NY, $ per MMBtu-I",1.55,2016-08-19,0.4382549309311553,70.88,86.82,rain,,66.9,84.65,,
"Natural Gas, Transco Zone 6 NY, $ per MMBtu-I",1.56,2016-08-22,0.44468582126144574,58.18,78.81,rain,,54.76,77.87,rain,
"Natural Gas, Transco Zone 6 NY, $ per MMBtu-I",1.48,2016-08-23,0.3920420877760237,62.6,81.83,,,60.78,80.28,,
"Natural Gas, Transco Zone 6 NY, $ per MMBtu-I",1.81,2016-08-24,0.5933268452777344,67.09,86.34,,,66.55,87.56,,
"Natural Gas, Transco Zone 6 NY, $ per MMBtu-I",2.36,2016-08-25,0.8586616190375187,73.89,86.43,rain,,71.56,85.53,,
"Natural Gas, Transco Zone 6 NY, $ per MMBtu-I",2.0,2016-08-26,0.6931471805599453,70.21,90.93,,,65.7,88.29,rain,
"Natural Gas, Transco Zone 6 NY, $ per MMBtu-I",1.91,2016-08-29,0.6471032420585384,67.74,90.2,,,58.42,87.2,,
"Natural Gas, Transco Zone 6 NY, $ per MMBtu-I",1.74,2016-08-30,0.5538851132264376,72.1,83.73,,,65.71,80.91,,
"Natural Gas, Transco Zone 6 NY, $ per MMBtu-I",1.39,2016-08-31,0.3293037471426003,71.31,86.74,,,70.75,80.9,,
"Natural Gas, Transco Zone 6 NY, $ per MMBtu-I",1.33,2016-09-01,0.28517894223366247,63.87,77.68,rain,,60.65,74.59,rain,
"Natural Gas, Transco Zone 6 NY, $ per MMBtu-I",1.23,2016-09-02,0.20701416938432612,66.26,79.65,,,56.69,75.69,,
"Natural Gas, Transco Zone 6 NY, $ per MMBtu-I",2.16,2016-09-06,0.7701082216960737,71.29,80.14,rain,,67.05,69.91,rain,
"Natural Gas, Transco Zone 6 NY, $ per MMBtu-I",2.83,2016-09-07,1.0402767116551463,68.84,84.16,rain,,67.86,77.58,rain,
"Natural Gas, Transco Zone 6 NY, $ per MMBtu-I",2.7,2016-09-08,0.9932517730102834,79.81,89.55,,,70.86,79.39,rain,
"Natural Gas, Transco Zone 6 NY, $ per MMBtu-I",1.57,2016-09-09,0.45107561936021673,75.31,90.13,rain,,69.3,91.34,rain,
"Natural Gas, Transco Zone 6 NY, $ per MMBtu-I",1.38,2016-09-12,0.3220834991691132,58.51,77.01,,,55.7,75.14,,
"Natural Gas, Transco Zone 6 NY, $ per MMBtu-I",1.63,2016-09-13,0.4885800148186709,65.66,81.1,,,64.0,82.31,,
"Natural Gas, Transco Zone 6 NY, $ per MMBtu-I",1.35,2016-09-14,0.30010459245033816,60.71,90.23,rain,,54.31,87.44,rain,
"Natural Gas, Transco Zone 6 NY, $ per MMBtu-I",1.22,2016-09-15,0.19885085874516517,56.37,73.5,,,48.63,68.61,,
"Natural Gas, Transco Zone 6 NY, $ per MMBtu-I",0.96,2016-09-16,-0.040821994520255166,55.27,73.07,,,50.68,72.36,,
"Natural Gas, Transco Zone 6 NY, $ per MMBtu-I",1.53,2016-09-19,0.4252677354043441,67.91,72.07,rain,,66.85,72.41,rain,
"Natural Gas, Transco Zone 6 NY, $ per MMBtu-I",1.8,2016-09-20,0.5877866649021191,65.97,81.27,,,63.71,79.31,rain,
"Natural Gas, Transco Zone 6 NY, $ per MMBtu-I",1.5,2016-09-21,0.4054651081081644,60.21,83.64,,,56.35,81.31,,
"Natural Gas, Transco Zone 6 NY, $ per MMBtu-I",1.16,2016-09-22,0.14842000511827322,59.11,83.07,,,60.8,81.23,,
"Natural Gas, Transco Zone 6 NY, $ per MMBtu-I",0.77,2016-09-23,-0.2613647641344075,58.94,87.03,,,53.65,79.52,rain,
"Natural Gas, Transco Zone 6 NY, $ per MMBtu-I",1.1,2016-09-26,0.09531017980432493,63.97,72.3,,,57.38,66.69,,
"Natural Gas, Transco Zone 6 NY, $ per MMBtu-I",0.98,2016-09-27,-0.020202707317519466,55.01,74.49,rain,,57.53,71.18,rain,
"Natural Gas, Transco Zone 6 NY, $ per MMBtu-I",0.86,2016-09-28,-0.15082288973458366,58.2,68.87,rain,,54.09,58.52,rain,
"Natural Gas, Transco Zone 6 NY, $ per MMBtu-I",0.69,2016-09-29,-0.37106368139083207,56.94,63.19,rain,,53.5,58.91,,
"Natural Gas, Transco Zone 6 NY, $ per MMBtu-I",0.41,2016-09-30,-0.8915981192837836,56.26,59.99,rain,,55.24,60.15,rain,
"Natural Gas, Transco Zone 6 NY, $ per MMBtu-I",1.02,2016-10-03,0.01980262729617973,61.12,71.53,rain,,56.69,69.45,rain,
"Natural Gas, Transco Zone 6 NY, $ per MMBtu-I",1.04,2016-10-04,0.03922071315328133,52.94,68.2,rain,,44.94,62.07,rain,
"Natural Gas, Transco Zone 6 NY, $ per MMBtu-I",1.07,2016-10-05,0.06765864847381486,50.58,67.09,,,40.59,62.7,,
"Natural Gas, Transco Zone 6 NY, $ per MMBtu-I",1.02,2016-10-06,0.01980262729617973,50.84,72.51,,,46.06,70.47,,
"Natural Gas, Transco Zone 6 NY, $ per MMBtu-I",1.07,2016-10-07,0.06765864847381486,54.56,73.01,,,46.98,73.9,,
"Natural Gas, Transco Zone 6 NY, $ per MMBtu-I",1.33,2016-10-10,0.28517894223366247,41.58,63.78,rain,,36.85,57.56,rain,
"Natural Gas, Transco Zone 6 NY, $ per MMBtu-I",1.07,2016-10-11,0.06765864847381486,45.81,62.44,,,43.34,62.68,rain,
"Natural Gas, Transco Zone 6 NY, $ per MMBtu-I",1.04,2016-10-12,0.03922071315328133,49.09,66.58,,,49.12,65.48,,
"Natural Gas, Transco Zone 6 NY, $ per MMBtu-I",1.06,2016-10-13,0.058268908123975824,45.11,65.18,rain,,43.73,70.26,,
"Natural Gas, Transco Zone 6 NY, $ per MMBtu-I",0.8,2016-10-14,-0.2231435513142097,40.89,62.67,,,36.48,58.49,,
"Natural Gas, Transco Zone 6 NY, $ per MMBtu-I",1.28,2016-10-17,0.2468600779315258,60.98,80.5,,,57.36,75.71,rain,
"Natural Gas, Transco Zone 6 NY, $ per MMBtu-I",1.38,2016-10-18,0.3220834991691132,67.75,83.44,,,65.38,65.43,rain,
"Natural Gas, Transco Zone 6 NY, $ per MMBtu-I",1.03,2016-10-19,0.02955880224154443,60.72,84.06,,,49.89,79.48,,
"Natural Gas, Transco Zone 6 NY, $ per MMBtu-I",0.94,2016-10-20,-0.06187540371808753,65.82,69.79,,,57.25,62.64,rain,
"Natural Gas, Transco Zone 6 NY, $ per MMBtu-I",1.3,2016-10-21,0.26236426446749106,48.34,70.66,rain,,62.16,72.72,rain,
"Natural Gas, Transco Zone 6 NY, $ per MMBtu-I",2.1,2016-10-24,0.7419373447293773,44.55,61.85,rain,,37.5,59.86,rain,
"Natural Gas, Transco Zone 6 NY, $ per MMBtu-I",1.85,2016-10-25,0.6151856390902335,36.06,51.44,,,35.01,47.53,rain,
"Natural Gas, Transco Zone 6 NY, $ per MMBtu-I",1.57,2016-10-26,0.45107561936021673,42.22,50.23,,,30.63,47.14,,
"Natural Gas, Transco Zone 6 NY, $ per MMBtu-I",1.73,2016-10-27,0.5481214085096876,44.85,50.49,rain,,43.76,47.45,rain,
"Natural Gas, Transco Zone 6 NY, $ per MMBtu-I",1.26,2016-10-28,0.23111172096338664,35.6,48.14,rain,,40.38,52.56,rain,
"Natural Gas, Transco Zone 6 NY, $ per MMBtu-I",2.08,2016-10-31,0.7323678937132266,36.59,55.22,rain,,30.98,51.2,rain,
"Natural Gas, Transco Zone 6 NY, $ per MMBtu-I",1.6,2016-11-01,0.47000362924573563,50.17,59.6,,,43.4,53.7,,
"Natural Gas, Transco Zone 6 NY, $ per MMBtu-I",1.69,2016-11-02,0.5247285289349821,56.42,71.94,,,51.27,68.6,,
"Natural Gas, Transco Zone 6 NY, $ per MMBtu-I",1.8,2016-11-03,0.5877866649021191,49.87,72.01,,,44.1,61.78,rain,
"Natural Gas, Transco Zone 6 NY, $ per MMBtu-I",1.51,2016-11-04,0.412109650826833,40.08,60.01,,,30.01,55.63,,
"Natural Gas, Transco Zone 6 NY, $ per MMBtu-I",1.81,2016-11-07,0.5933268452777344,35.4,54.95,,,31.83,48.34,,
"Natural Gas, Transco Zone 6 NY, $ per MMBtu-I",2.09,2016-11-08,0.7371640659767196,50.99,68.02,,,39.09,63.13,,
"Natural Gas, Transco Zone 6 NY, $ per MMBtu-I",1.91,2016-11-09,0.6471032420585384,39.22,54.17,rain,,34.86,61.0,,
"Natural Gas, Transco Zone 6 NY, $ per MMBtu-I",2.0,2016-11-10,0.6931471805599453,47.38,56.79,,,46.14,52.81,,
"Natural Gas, Transco Zone 6 NY, $ per MMBtu-I",2.06,2016-11-11,0.7227059828014898,35.78,62.01,,,33.3,58.75,,
"Natural Gas, Transco Zone 6 NY, $ per MMBtu-I",2.1,2016-11-14,0.7419373447293773,48.49,61.61,,,44.95,65.15,,
"Natural Gas, Transco Zone 6 NY, $ per MMBtu-I",2.15,2016-11-15,0.7654678421395714,43.72,51.27,rain,,51.44,53.67,rain,
"Natural Gas, Transco Zone 6 NY, $ per MMBtu-I",2.14,2016-11-16,0.7608058290337602,47.59,62.11,,,44.77,53.85,rain,
"Natural Gas, Transco Zone 6 NY, $ per MMBtu-I",1.83,2016-11-17,0.6043159668533296,40.59,61.41,,,38.99,55.99,,
"Natural Gas, Transco Zone 6 NY, $ per MMBtu-I",2.41,2016-11-18,0.8796267475025636,40.58,66.43,,,39.79,62.0,,
"Natural Gas, Transco Zone 6 NY, $ per MMBtu-I",2.93,2016-11-21,1.075002423028976,37.39,41.18,rain,,30.92,37.36,,
"Natural Gas, Transco Zone 6 NY, $ per MMBtu-I",2.61,2016-11-22,0.959350221334602,32.85,41.27,rain,,32.27,42.24,rain,
"Natural Gas, Transco Zone 6 NY, $ per MMBtu-I",2.36,2016-11-23,0.8586616190375187,38.09,46.15,rain,,30.91,44.33,rain,
"Natural Gas, Transco Zone 6 NY, $ per MMBtu-I",2.4,2016-11-28,0.8754687373538999,44.09,52.39,,,28.85,46.02,,
"Natural Gas, Transco Zone 6 NY, $ per MMBtu-I",2.25,2016-11-29,0.8109302162163288,50.71,59.32,rain,,42.25,54.69,rain,
"Natural Gas, Transco Zone 6 NY, $ per MMBtu-I",2.91,2016-11-30,1.0681530811834012,51.1,55.08,rain,,47.02,47.98,rain,
"Natural Gas, Transco Zone 6 NY, $ per MMBtu-I",3.06,2016-12-01,1.1184149159642893,38.87,53.14,rain,,36.93,55.61,rain,
"Natural Gas, Transco Zone 6 NY, $ per MMBtu-I",3.29,2016-12-02,1.1908875647772805,41.37,50.43,,,37.65,49.36,,
"Natural Gas, Transco Zone 6 NY, $ per MMBtu-I",3.63,2016-12-05,1.2892326482767593,36.86,48.15,rain,,32.65,38.24,rain,
"Natural Gas, Transco Zone 6 NY, $ per MMBtu-I",3.63,2016-12-06,1.2892326482767593,40.18,45.18,rain,,38.36,43.36,rain,
"Natural Gas, Transco Zone 6 NY, $ per MMBtu-I",4.13,2016-12-07,1.4182774069729414,35.09,45.69,rain,,32.12,40.12,rain,
"Natural Gas, Transco Zone 6 NY, $ per MMBtu-I",4.2,2016-12-08,1.4350845252893227,31.04,43.09,,,30.77,42.03,rain,
"Natural Gas, Transco Zone 6 NY, $ per MMBtu-I",4.04,2016-12-09,1.3962446919730587,26.23,38.65,,,19.96,35.4,,
"Natural Gas, Transco Zone 6 NY, $ per MMBtu-I",3.64,2016-12-12,1.2919836816486494,32.37,44.91,rain,,31.68,42.22,rain,
"Natural Gas, Transco Zone 6 NY, $ per MMBtu-I",4.46,2016-12-13,1.4951487660319727,33.27,42.91,rain,,32.35,41.85,rain,
"Natural Gas, Transco Zone 6 NY, $ per MMBtu-I",19.35,2016-12-14,2.962692419475791,24.28,41.58,,,24.58,40.69,,
"Natural Gas, Transco Zone 6 NY, $ per MMBtu-I",7.56,2016-12-15,2.0228711901914416,15.63,25.78,,,3.71,28.0,,
"Natural Gas, Transco Zone 6 NY, $ per MMBtu-I",4.26,2016-12-16,1.449269160281279,24.1,26.53,,,15.86,18.59,,
"Natural Gas, Transco Zone 6 NY, $ per MMBtu-I",5.72,2016-12-19,1.7439688053917064,17.05,29.18,,,15.55,24.29,,
"Natural Gas, Transco Zone 6 NY, $ per MMBtu-I",3.94,2016-12-20,1.3711807233098425,26.22,33.17,snow,0.089,26.54,33.97,,
"Natural Gas, Transco Zone 6 NY, $ per MMBtu-I",3.65,2016-12-21,1.2947271675944,32.29,40.36,,,29.52,43.02,,
"Natural Gas, Transco Zone 6 NY, $ per MMBtu-I",3.35,2016-12-22,1.208960345836975,33.77,48.48,,,30.82,38.05,snow,0.042
"Natural Gas, Transco Zone 6 NY, $ per MMBtu-I",3.25,2016-12-23,1.1786549963416462,37.17,46.34,,,35.56,45.48,,
"Natural Gas, Transco Zone 6 NY, $ per MMBtu-I",3.58,2016-12-27,1.275362800412609,36.86,60.06,rain,,36.53,56.76,rain,
"Natural Gas, Transco Zone 6 NY, $ per MMBtu-I",3.74,2016-12-28,1.3190856114264407,28.95,40.15,,,26.42,40.39,,
"Natural Gas, Transco Zone 6 NY, $ per MMBtu-I",4.03,2016-12-29,1.3937663759585917,33.8,43.49,rain,,33.45,40.78,rain,
"Natural Gas, Transco Zone 6 NY, $ per MMBtu-I",3.26,2016-12-30,1.1817271953786161,29.14,39.69,,,24.7,38.7,snow,0.228
"Natural Gas, Transco Zone 6 NY, $ per MMBtu-I",3.54,2017-01-03,1.264126727145683,41.38,43.57,rain,,36.86,43.06,rain,
"Natural Gas, Transco Zone 6 NY, $ per MMBtu-I",4.5,2017-01-04,1.5040773967762742,26.08,51.73,rain,,26.24,47.26,rain,
"Natural Gas, Transco Zone 6 NY, $ per MMBtu-I",5.32,2017-01-05,1.6714733033535532,27.44,32.2,,,25.99,32.72,,
"Natural Gas, Transco Zone 6 NY, $ per MMBtu-I",7.85,2017-01-06,2.060513531794317,23.29,32.54,snow,0.16,20.57,31.21,snow,0.128
"Natural Gas, Transco Zone 6 NY, $ per MMBtu-I",3.32,2017-01-09,1.199964782928397,13.75,23.14,,,10.46,20.04,,
"Natural Gas, Transco Zone 6 NY, $ per MMBtu-I",3.23,2017-01-10,1.172482137234565,36.93,36.08,snow,0.027,37.96,37.54,rain,
"Natural Gas, Transco Zone 6 NY, $ per MMBtu-I",3.03,2017-01-11,1.1085626195212777,44.59,51.47,rain,,41.96,54.84,rain,
"Natural Gas, Transco Zone 6 NY, $ per MMBtu-I",3.36,2017-01-12,1.2119409739751128,47.35,65.3,rain,,41.83,60.48,rain,
"Natural Gas, Transco Zone 6 NY, $ per MMBtu-I",3.43,2017-01-13,1.2325602611778486,28.23,49.44,,,17.02,44.92,,
"Natural Gas, Transco Zone 6 NY, $ per MMBtu-I",3.25,2017-01-17,1.1786549963416462,38.38,39.76,rain,,35.95,42.79,rain,
"Natural Gas, Transco Zone 6 NY, $ per MMBtu-I",3.18,2017-01-18,1.1568811967920856,37.33,41.55,rain,,31.88,38.61,rain,
"Natural Gas, Transco Zone 6 NY, $ per MMBtu-I",3.11,2017-01-19,1.1346227261911428,37.94,47.32,,,32.36,44.31,rain,
"Natural Gas, Transco Zone 6 NY, $ per MMBtu-I",3.02,2017-01-20,1.1052568313867783,41.18,43.9,rain,,37.33,41.17,,
"Natural Gas, Transco Zone 6 NY, $ per MMBtu-I",3.08,2017-01-23,1.1249295969854831,35.91,41.45,rain,,35.41,36.79,rain,
"Natural Gas, Transco Zone 6 NY, $ per MMBtu-I",3.11,2017-01-24,1.1346227261911428,36.99,39.42,rain,,35.08,40.56,rain,
"Natural Gas, Transco Zone 6 NY, $ per MMBtu-I",3.18,2017-01-25,1.1568811967920856,43.5,50.2,rain,,36.26,42.87,rain,
"Natural Gas, Transco Zone 6 NY, $ per MMBtu-I",3.37,2017-01-26,1.2149127443642704,40.46,53.33,rain,,38.82,50.56,rain,
"Natural Gas, Transco Zone 6 NY, $ per MMBtu-I",3.58,2017-01-27,1.275362800412609,33.43,42.54,,,33.79,42.96,,
"Natural Gas, Transco Zone 6 NY, $ per MMBtu-I",3.34,2017-01-30,1.205970806988609,24.89,37.05,,,17.98,35.27,,
"Natural Gas, Transco Zone 6 NY, $ per MMBtu-I",3.01,2017-01-31,1.1019400787607843,29.69,31.36,snow,0.032,26.55,28.93,snow,0.029
"Natural Gas, Transco Zone 6 NY, $ per MMBtu-I",3.4,2017-02-01,1.2237754316221157,32.35,47.11,rain,,27.34,41.36,rain,
"Natural Gas, Transco Zone 6 NY, $ per MMBtu-I",3.66,2017-02-02,1.297463147413275,24.46,43.58,,,21.21,38.86,snow,0
"Natural Gas, Transco Zone 6 NY, $ per MMBtu-I",3.26,2017-02-03,1.1817271953786161,20.7,33.08,,,19.54,32.52,,
"Natural Gas, Transco Zone 6 NY, $ per MMBtu-I",2.64,2017-02-06,0.9707789171582248,34.44,49.58,,,32.04,37.95,,
"Natural Gas, Transco Zone 6 NY, $ per MMBtu-I",2.83,2017-02-07,1.0402767116551463,38.72,39.63,rain,,25.88,35.61,snow,2.194
"Natural Gas, Transco Zone 6 NY, $ per MMBtu-I",4.5,2017-02-08,1.5040773967762742,29.84,62.24,rain,,32.6,50.65,rain,
"Natural Gas, Transco Zone 6 NY, $ per MMBtu-I",4.94,2017-02-09,1.5973653311998313,17.89,29.99,snow,0.817,9.58,35.57,snow,0.658
"Natural Gas, Transco Zone 6 NY, $ per MMBtu-I",2.85,2017-02-10,1.0473189942805592,27.81,31.62,snow,0.328,15.88,24.54,snow,0.184
"Natural Gas, Transco Zone 6 NY, $ per MMBtu-I",2.9,2017-02-13,1.0647107369924282,26.53,37.12,snow,0.294,19.69,32.79,snow,0.475
"Natural Gas, Transco Zone 6 NY, $ per MMBtu-I",2.88,2017-02-14,1.0577902941478545,30.05,41.25,snow,0.008,26.08,36.12,snow,0.218
"Natural Gas, Transco Zone 6 NY, $ per MMBtu-I",3.11,2017-02-15,1.1346227261911428,30.54,47.95,rain,,30.22,41.18,rain,
"Natural Gas, Transco Zone 6 NY, $ per MMBtu-I",2.71,2017-02-16,0.9969486348916096,26.17,35.74,,,22.95,33.9,snow,0.682
"Natural Gas, Transco Zone 6 NY, $ per MMBtu-I",2.49,2017-02-17,0.9122827104766164,29.44,42.29,,,25.26,40.52,snow,0.005
"Natural Gas, Transco Zone 6 NY, $ per MMBtu-I",2.32,2017-02-21,0.8415671856782185,40.41,46.67,,,37.54,43.38,,
"Natural Gas, Transco Zone 6 NY, $ per MMBtu-I",2.1,2017-02-22,0.7419373447293773,40.7,57.2,,,36.98,57.16,,
"Natural Gas, Transco Zone 6 NY, $ per MMBtu-I",2.03,2017-02-23,0.7080357930536959,51.37,65.95,,,47.74,67.49,,
"Natural Gas, Transco Zone 6 NY, $ per MMBtu-I",2.24,2017-02-24,0.8064758658669485,52.38,71.96,,,54.04,72.35,,
"Natural Gas, Transco Zone 6 NY, $ per MMBtu-I",2.09,2017-02-27,0.7371640659767196,42.54,53.36,,,37.38,54.02,,
"Natural Gas, Transco Zone 6 NY, $ per MMBtu-I",2.05,2017-02-28,0.7178397931503168,51.68,59.83,,,48.31,54.68,,
"Natural Gas, Transco Zone 6 NY, $ per MMBtu-I",2.36,2017-03-01,0.8586616190375187,44.86,69.18,rain,,47.14,61.14,rain,
"Natural Gas, Transco Zone 6 NY, $ per MMBtu-I",2.65,2017-03-02,0.9745596399981308,29.09,46.56,rain,,24.79,48.93,,
"Natural Gas, Transco Zone 6 NY, $ per MMBtu-I",3.23,2017-03-03,1.172482137234565,20.45,38.19,,,12.06,35.8,,
"Natural Gas, Transco Zone 6 NY, $ per MMBtu-I",2.24,2017-03-06,0.8064758658669485,39.91,44.07,,,31.25,41.88,,
"Natural Gas, Transco Zone 6 NY, $ per MMBtu-I",2.27,2017-03-07,0.8197798314933114,48.06,51.96,rain,,45.83,45.0,rain,
"Natural Gas, Transco Zone 6 NY, $ per MMBtu-I",2.5,2017-03-08,0.9162907318741551,50.42,59.69,rain,,39.75,57.04,rain,
"Natural Gas, Transco Zone 6 NY, $ per MMBtu-I",3.14,2017-03-09,1.144222799920162,33.31,62.26,,,30.92,49.14,,
"Natural Gas, Transco Zone 6 NY, $ per MMBtu-I",5.93,2017-03-10,1.780024213009634,17.57,36.47,snow,0.9,10.91,31.7,snow,0.315
"Natural Gas, Transco Zone 6 NY, $ per MMBtu-I",6.71,2017-03-13,1.9035989509835904,28.19,35.97,snow,0.019,26.33,34.75,snow,0.037
"Natural Gas, Transco Zone 6 NY, $ per MMBtu-I",5.66,2017-03-14,1.7334238922150915,20.62,30.14,snow,2.088,18.44,37.39,snow,1.152
"Natural Gas, Transco Zone 6 NY, $ per MMBtu-I",6.82,2017-03-15,1.9198594718553708,23.4,25.56,snow,0.02,20.28,28.6,snow,0.316
"Natural Gas, Transco Zone 6 NY, $ per MMBtu-I",3.23,2017-03-16,1.172482137234565,27.69,39.57,snow,0.16,24.26,34.59,snow,0.128
"Natural Gas, Transco Zone 6 NY, $ per MMBtu-I",3.04,2017-03-17,1.1118575154181303,29.63,45.98,rain,,22.49,42.29,snow,0.005
"Natural Gas, Transco Zone 6 NY, $ per MMBtu-I",2.97,2017-03-20,1.0885619528146082,41.5,52.01,,,33.61,51.46,,
"Natural Gas, Transco Zone 6 NY, $ per MMBtu-I",3.36,2017-03-21,1.2119409739751128,36.7,58.98,,,35.75,53.13,,
"Natural Gas, Transco Zone 6 NY, $ per MMBtu-I",3.11,2017-03-22,1.1346227261911428,21.77,38.28,,,17.26,38.24,,
"Natural Gas, Transco Zone 6 NY, $ per MMBtu-I",2.65,2017-03-23,0.9745596399981308,30.68,43.03,,,25.59,38.22,,
"Natural Gas, Transco Zone 6 NY, $ per MMBtu-I",2.55,2017-03-24,0.9360933591703348,48.95,56.13,,,39.97,42.42,rain,
"Natural Gas, Transco Zone 6 NY, $ per MMBtu-I",2.69,2017-03-27,0.9895411936137477,44.11,55.05,rain,,35.89,42.66,rain,
"Natural Gas, Transco Zone 6 NY, $ per MMBtu-I",2.79,2017-03-28,1.0260415958332743,43.18,45.74,rain,,37.59,42.01,rain,
"Natural Gas, Transco Zone 6 NY, $ per MMBtu-I",2.93,2017-03-29,1.075002423028976,34.95,58.69,rain,,32.64,46.23,rain,
"Natural Gas, Transco Zone 6 NY, $ per MMBtu-I",2.93,2017-03-30,1.075002423028976,38.12,51.12,,,37.41,49.12,,
"Natural Gas, Transco Zone 6 NY, $ per MMBtu-I",2.9,2017-03-31,1.0647107369924282,37.03,40.55,rain,,33.3,39.1,snow,0.976
"Natural Gas, Transco Zone 6 NY, $ per MMBtu-I",2.85,2017-04-03,1.0473189942805592,48.33,62.9,,,39.94,58.28,,
"Natural Gas, Transco Zone 6 NY, $ per MMBtu-I",2.92,2017-04-04,1.0715836162801904,46.23,51.73,rain,,37.11,40.94,rain,
"Natural Gas, Transco Zone 6 NY, $ per MMBtu-I",3.14,2017-04-05,1.144222799920162,41.5,62.92,rain,,38.12,43.42,rain,
"Natural Gas, Transco Zone 6 NY, $ per MMBtu-I",3.2,2017-04-06,1.1631508098056809,44.71,48.24,rain,,41.46,40.82,rain,
"Natural Gas, Transco Zone 6 NY, $ per MMBtu-I",2.93,2017-04-07,1.075002423028976,38.96,48.14,rain,,37.37,53.58,rain,
"Natural Gas, Transco Zone 6 NY, $ per MMBtu-I",2.85,2017-04-10,1.0473189942805592,55.89,79.43,,,52.72,77.58,,
"Natural Gas, Transco Zone 6 NY, $ per MMBtu-I",2.83,2017-04-11,1.0402767116551463,55.27,82.59,,,52.85,85.85,,
"Natural Gas, Transco Zone 6 NY, $ per MMBtu-I",2.76,2017-04-12,1.0152306797290584,47.54,75.73,rain,,41.44,66.02,rain,
"Natural Gas, Transco Zone 6 NY, $ per MMBtu-I",2.44,2017-04-13,0.8919980393051105,44.31,64.0,,,38.08,57.73,,
"Natural Gas, Transco Zone 6 NY, $ per MMBtu-I",2.97,2017-04-17,1.0885619528146082,49.85,71.67,,,44.17,73.56,,
"Natural Gas, Transco Zone 6 NY, $ per MMBtu-I",3.03,2017-04-18,1.1085626195212777,44.9,63.86,,,37.6,51.48,,
"Natural Gas, Transco Zone 6 NY, $ per MMBtu-I",3.05,2017-04-19,1.1151415906193203,49.46,53.25,rain,,42.84,53.67,rain,
"Natural Gas, Transco Zone 6 NY, $ per MMBtu-I",2.99,2017-04-20,1.095273387402595,49.09,65.49,rain,,43.95,59.04,rain,
"Natural Gas, Transco Zone 6 NY, $ per MMBtu-I",2.92,2017-04-21,1.0715836162801904,50.35,54.86,rain,,42.47,45.5,rain,
"Natural Gas, Transco Zone 6 NY, $ per MMBtu-I",2.95,2017-04-24,1.0818051703517284,50.88,57.42,rain,,47.64,68.86,,
"Natural Gas, Transco Zone 6 NY, $ per MMBtu-I",2.63,2017-04-25,0.9669838461896731,53.22,55.57,rain,,46.58,49.03,rain,
"Natural Gas, Transco Zone 6 NY, $ per MMBtu-I",2.56,2017-04-26,0.9400072584914712,58.55,61.39,rain,,51.36,57.56,rain,
"Natural Gas, Transco Zone 6 NY, $ per MMBtu-I",2.53,2017-04-27,0.9282193027394288,56.61,70.28,rain,,55.97,66.33,rain,
"Natural Gas, Transco Zone 6 NY, $ per MMBtu-I",2.67,2017-04-28,0.9820784724121582,63.55,84.4,rain,,62.16,82.14,rain,
"Natural Gas, Transco Zone 6 NY, $ per MMBtu-I",2.8,2017-05-01,1.0296194171811581,67.21,73.63,,,44.83,50.19,rain,
"Natural Gas, Transco Zone 6 NY, $ per MMBtu-I",2.83,2017-05-02,1.0402767116551463,58.14,73.6,rain,,46.47,64.52,rain,
"Natural Gas, Transco Zone 6 NY, $ per MMBtu-I",2.85,2017-05-03,1.0473189942805592,43.58,64.59,,,39.5,62.13,,
"Natural Gas, Transco Zone 6 NY, $ per MMBtu-I",2.74,2017-05-04,1.007957920399979,51.44,61.36,,,47.42,61.74,,
"Natural Gas, Transco Zone 6 NY, $ per MMBtu-I",2.8,2017-05-05,1.0296194171811581,59.26,59.71,rain,,50.25,50.35,rain,
"Natural Gas, Transco Zone 6 NY, $ per MMBtu-I",2.93,2017-05-08,1.075002423028976,43.83,57.68,,,36.59,54.26,,
"Natural Gas, Transco Zone 6 NY, $ per MMBtu-I",2.93,2017-05-09,1.075002423028976,48.38,61.34,,,44.79,52.87,,
"Natural Gas, Transco Zone 6 NY, $ per MMBtu-I",2.98,2017-05-10,1.091923300517313,45.23,62.18,,,47.32,57.42,,
"Natural Gas, Transco Zone 6 NY, $ per MMBtu-I",3.0,2017-05-11,1.0986122886681098,43.98,60.73,,,43.23,57.3,,
"Natural Gas, Transco Zone 6 NY, $ per MMBtu-I",2.93,2017-05-12,1.075002423028976,49.4,60.28,,,41.64,56.58,rain,
"Natural Gas, Transco Zone 6 NY, $ per MMBtu-I",2.89,2017-05-15,1.0612565021243408,54.56,68.74,rain,,50.83,59.29,rain,
"Natural Gas, Transco Zone 6 NY, $ per MMBtu-I",3.11,2017-05-16,1.1346227261911428,57.32,79.34,,,58.72,80.4,,
"Natural Gas, Transco Zone 6 NY, $ per MMBtu-I",3.18,2017-05-17,1.1568811967920856,72.38,91.26,,,69.75,91.65,,
"Natural Gas, Transco Zone 6 NY, $ per MMBtu-I",3.05,2017-05-18,1.1151415906193203,73.47,93.1,,,66.88,94.48,,
"Natural Gas, Transco Zone 6 NY, $ per MMBtu-I",2.72,2017-05-19,1.000631880307906,58.79,91.39,rain,,52.62,89.1,rain,
"Natural Gas, Transco Zone 6 NY, $ per MMBtu-I",2.9,2017-05-22,1.0647107369924282,56.93,60.77,rain,,52.13,53.68,rain,
"Natural Gas, Transco Zone 6 NY, $ per MMBtu-I",2.93,2017-05-23,1.075002423028976,56.77,68.08,rain,,54.58,69.22,rain,
"Natural Gas, Transco Zone 6 NY, $ per MMBtu-I",2.9,2017-05-24,1.0647107369924282,55.84,69.45,rain,,51.36,67.22,,
"Natural Gas, Transco Zone 6 NY, $ per MMBtu-I",2.71,2017-05-25,0.9969486348916096,56.85,58.92,rain,,48.72,54.8,rain,
"Natural Gas, Transco Zone 6 NY, $ per MMBtu-I",2.36,2017-05-26,0.8586616190375187,57.66,73.22,rain,,52.37,58.2,rain,
"Natural Gas, Transco Zone 6 NY, $ per MMBtu-I",2.6,2017-05-30,0.9555114450274363,57.5,58.98,rain,,54.87,59.86,,
"Natural Gas, Transco Zone 6 NY, $ per MMBtu-I",2.58,2017-05-31,0.9477893989335261,58.9,77.06,rain,,54.66,70.5,rain,
"Natural Gas, Transco Zone 6 NY, $ per MMBtu-I",2.48,2017-06-01,0.9082585601768908,53.76,79.43,rain,,51.45,77.48,rain,
"Natural Gas, Transco Zone 6 NY, $ per MMBtu-I",1.83,2017-06-02,0.6043159668533296,53.79,76.61,,,47.94,70.88,rain,
"Natural Gas, Transco Zone 6 NY, $ per MMBtu-I",2.1,2017-06-05,0.7419373447293773,55.89,69.89,rain,,49.37,55.53,rain,
"Natural Gas, Transco Zone 6 NY, $ per MMBtu-I",2.3,2017-06-06,0.8329091229351039,52.3,58.3,rain,,49.32,49.45,rain,
"Natural Gas, Transco Zone 6 NY, $ per MMBtu-I",2.22,2017-06-07,0.7975071958841882,51.89,67.64,,,47.88,67.77,rain,
"Natural Gas, Transco Zone 6 NY, $ per MMBtu-I",2.09,2017-06-08,0.7371640659767196,51.23,69.0,,,55.14,77.1,rain,
"Natural Gas, Transco Zone 6 NY, $ per MMBtu-I",2.71,2017-06-09,0.9969486348916096,61.84,81.94,,,57.6,76.86,rain,
"Natural Gas, Transco Zone 6 NY, $ per MMBtu-I",3.09,2017-06-12,1.128171090909654,72.76,93.66,,,72.67,95.37,,
"Natural Gas, Transco Zone 6 NY, $ per MMBtu-I",2.19,2017-06-13,0.7839015438284094,71.44,95.17,,,65.26,93.82,rain,
"Natural Gas, Transco Zone 6 NY, $ per MMBtu-I",2.11,2017-06-14,0.7466879474879751,61.07,81.48,rain,,52.1,76.56,rain,
"Natural Gas, Transco Zone 6 NY, $ per MMBtu-I",2.21,2017-06-15,0.7929925155296614,61.97,75.81,,,61.0,74.89,,
"Natural Gas, Transco Zone 6 NY, $ per MMBtu-I",2.37,2017-06-16,0.8628899551470398,65.49,68.14,rain,,58.01,70.27,rain,
"Natural Gas, Transco Zone 6 NY, $ per MMBtu-I",2.73,2017-06-19,1.0043016091968684,70.2,88.89,rain,,69.14,85.34,rain,
"Natural Gas, Transco Zone 6 NY, $ per MMBtu-I",2.65,2017-06-20,0.9745596399981308,67.26,84.01,rain,,63.66,84.31,rain,
"Natural Gas, Transco Zone 6 NY, $ per MMBtu-I",2.36,2017-06-21,0.8586616190375187,63.53,85.03,rain,,58.97,83.05,,
"Natural Gas, Transco Zone 6 NY, $ per MMBtu-I",2.47,2017-06-22,0.9042181506398859,75.39,84.48,,,68.57,82.75,,
"Natural Gas, Transco Zone 6 NY, $ per MMBtu-I",2.2,2017-06-23,0.7884573603642703,71.28,84.5,rain,,73.55,88.06,rain,
"Natural Gas, Transco Zone 6 NY, $ per MMBtu-I",2.12,2017-06-26,0.7514160886839212,60.79,79.13,,,57.49,78.71,rain,
"Natural Gas, Transco Zone 6 NY, $ per MMBtu-I",2.06,2017-06-27,0.7227059828014898,57.68,76.66,rain,,53.25,73.21,rain,
"Natural Gas, Transco Zone 6 NY, $ per MMBtu-I",2.56,2017-06-28,0.9400072584914712,64.09,79.44,,,60.34,76.95,rain,
"Natural Gas, Transco Zone 6 NY, $ per MMBtu-I",2.79,2017-06-29,1.0260415958332743,71.98,84.21,,,68.13,77.59,,
"Natural Gas, Transco Zone 6 NY, $ per MMBtu-I",2.52,2017-06-30,0.9242589015233319,73.61,90.79,rain,,68.63,84.3,rain,
"Natural Gas, Transco Zone 6 NY, $ per MMBtu-I",2.23,2017-07-05,0.8020015854720274,68.88,82.79,,,59.93,82.38,,
"Natural Gas, Transco Zone 6 NY, $ per MMBtu-I",2.19,2017-07-06,0.7839015438284094,68.98,76.58,,,65.3,82.2,,
"Natural Gas, Transco Zone 6 NY, $ per MMBtu-I",2.18,2017-07-07,0.7793248768009977,68.1,82.0,rain,,62.41,71.57,rain,
"Natural Gas, Transco Zone 6 NY, $ per MMBtu-I",2.93,2017-07-10,1.075002423028976,73.04,84.87,rain,,68.39,85.6,,
"Natural Gas, Transco Zone 6 NY, $ per MMBtu-I",3.07,2017-07-11,1.1216775615991057,75.22,86.18,rain,,69.04,82.22,rain,
"Natural Gas, Transco Zone 6 NY, $ per MMBtu-I",3.05,2017-07-12,1.1151415906193203,76.45,88.87,rain,,65.69,85.31,rain,
"Natural Gas, Transco Zone 6 NY, $ per MMBtu-I",2.41,2017-07-13,0.8796267475025636,66.12,91.25,rain,,58.65,66.91,rain,
"Natural Gas, Transco Zone 6 NY, $ per MMBtu-I",2.37,2017-07-14,0.8628899551470398,68.58,70.02,rain,,62.27,66.03,rain,
"Natural Gas, Transco Zone 6 NY, $ per MMBtu-I",2.86,2017-07-17,1.0508216248317612,70.78,84.85,rain,,69.05,85.42,,
"Natural Gas, Transco Zone 6 NY, $ per MMBtu-I",3.15,2017-07-18,1.1474024528375417,73.79,87.43,rain,,70.05,84.2,rain,
"Natural Gas, Transco Zone 6 NY, $ per MMBtu-I",3.23,2017-07-19,1.172482137234565,74.62,92.38,,,69.12,90.48,,
"Natural Gas, Transco Zone 6 NY, $ per MMBtu-I",3.14,2017-07-20,1.144222799920162,72.95,93.83,rain,,67.63,90.08,,
"Natural Gas, Transco Zone 6 NY, $ per MMBtu-I",2.66,2017-07-21,0.9783261227936078,75.56,90.73,rain,,69.59,89.76,,
"Natural Gas, Transco Zone 6 NY, $ per MMBtu-I",2.2,2017-07-24,0.7884573603642703,62.19,71.41,rain,,56.23,63.24,rain,
"Natural Gas, Transco Zone 6 NY, $ per MMBtu-I",2.08,2017-07-25,0.7323678937132266,65.02,71.44,rain,,54.03,65.68,rain,
"Natural Gas, Transco Zone 6 NY, $ per MMBtu-I",1.74,2017-07-26,0.5538851132264376,62.74,75.97,,,61.33,79.77,,
"Natural Gas, Transco Zone 6 NY, $ per MMBtu-I",1.89,2017-07-27,0.636576829071551,68.1,77.48,,,64.35,72.89,rain,
"Natural Gas, Transco Zone 6 NY, $ per MMBtu-I",1.73,2017-07-28,0.5481214085096876,68.38,83.3,,,63.61,82.47,rain,
"Natural Gas, Transco Zone 6 NY, $ per MMBtu-I",2.68,2017-07-31,0.9858167945227654,67.37,87.87,,,64.44,84.74,,
"Natural Gas, Transco Zone 6 NY, $ per MMBtu-I",2.7,2017-08-01,0.9932517730102834,71.38,89.25,rain,,67.41,85.94,,
"Natural Gas, Transco Zone 6 NY, $ per MMBtu-I",2.58,2017-08-02,0.9477893989335261,66.12,85.14,rain,,65.33,85.69,rain,
"Natural Gas, Transco Zone 6 NY, $ per MMBtu-I",1.87,2017-08-03,0.6259384308664954,70.17,85.25,rain,,67.56,84.16,rain,
"Natural Gas, Transco Zone 6 NY, $ per MMBtu-I",1.73,2017-08-04,0.5481214085096876,69.17,85.81,rain,,69.34,84.27,,
"Natural Gas, Transco Zone 6 NY, $ per MMBtu-I",1.9,2017-08-07,0.6418538861723947,65.61,67.31,rain,,63.36,76.13,rain,
"Natural Gas, Transco Zone 6 NY, $ per MMBtu-I",1.89,2017-08-08,0.636576829071551,60.91,78.92,rain,,58.58,74.32,rain,
"Natural Gas, Transco Zone 6 NY, $ per MMBtu-I",1.77,2017-08-09,0.5709795465857378,63.39,83.51,,,62.21,83.86,,
"Natural Gas, Transco Zone 6 NY, $ per MMBtu-I",1.98,2017-08-10,0.6830968447064438,65.23,84.21,,,61.44,85.4,,
"Natural Gas, Transco Zone 6 NY, $ per MMBtu-I",1.71,2017-08-11,0.5364933705145685,65.75,80.99,rain,,61.3,80.98,,
"Natural Gas, Transco Zone 6 NY, $ per MMBtu-I",2.82,2017-08-14,1.0367368849500223,68.57,80.58,,,65.09,81.88,,
"Natural Gas, Transco Zone 6 NY, $ per MMBtu-I",2.87,2017-08-15,1.0543120297715298,69.36,73.83,rain,,65.11,78.07,,
"Natural Gas, Transco Zone 6 NY, $ per MMBtu-I",2.32,2017-08-16,0.8415671856782185,67.87,85.26,rain,,56.31,82.67,,
"Natural Gas, Transco Zone 6 NY, $ per MMBtu-I",2.65,2017-08-17,0.9745596399981308,74.05,81.22,,,64.8,81.64,,
"Natural Gas, Transco Zone 6 NY, $ per MMBtu-I",3.15,2017-08-21,1.1474024528375417,72.37,86.35,,,68.4,85.24,,
"Natural Gas, Transco Zone 6 NY, $ per MMBtu-I",2.47,2017-08-22,0.9042181506398859,72.51,90.44,rain,,73.04,89.29,,
"Natural Gas, Transco Zone 6 NY, $ per MMBtu-I",2.53,2017-08-23,0.9282193027394288,62.2,80.57,rain,,56.86,81.53,rain,
"Natural Gas, Transco Zone 6 NY, $ per MMBtu-I",2.11,2017-08-24,0.7466879474879751,61.54,79.35,,,59.41,79.52,,
"Natural Gas, Transco Zone 6 NY, $ per MMBtu-I",1.39,2017-08-25,0.3293037471426003,59.02,76.83,,,51.79,74.1,rain,
"Natural Gas, Transco Zone 6 NY, $ per MMBtu-I",1.88,2017-08-28,0.6312717768418578,64.09,74.3,,,52.94,74.6,,
"Natural Gas, Transco Zone 6 NY, $ per MMBtu-I",1.88,2017-08-29,0.6312717768418578,60.85,66.51,rain,,59.85,68.14,,
"Natural Gas, Transco Zone 6 NY, $ per MMBtu-I",1.88,2017-08-30,0.6312717768418578,62.17,77.69,rain,,55.03,72.63,rain,
"Natural Gas, Transco Zone 6 NY, $ per MMBtu-I",2.31,2017-08-31,0.8372475245337022,53.81,80.43,rain,,50.68,77.03,,
"Natural Gas, Transco Zone 6 NY, $ per MMBtu-I",1.65,2017-09-01,0.5007752879124892,52.28,70.14,,,46.85,67.73,,
"Natural Gas, Transco Zone 6 NY, $ per MMBtu-I",2.5,2017-09-05,0.9162907318741551,67.56,86.54,rain,,68.24,85.38,,
"Natural Gas, Transco Zone 6 NY, $ per MMBtu-I",2.42,2017-09-06,0.883767540168595,58.56,68.38,rain,,60.01,74.21,rain,
"Natural Gas, Transco Zone 6 NY, $ per MMBtu-I",1.76,2017-09-07,0.5653138090500605,54.38,72.32,rain,,53.45,73.91,rain,
"Natural Gas, Transco Zone 6 NY, $ per MMBtu-I",1.28,2017-09-08,0.2468600779315258,52.61,70.66,rain,,52.04,72.51,rain,
"Natural Gas, Transco Zone 6 NY, $ per MMBtu-I",2.34,2017-09-11,0.85015092936961,55.49,76.92,,,54.2,78.3,,
"Natural Gas, Transco Zone 6 NY, $ per MMBtu-I",2.29,2017-09-12,0.8285518175661483,58.39,79.92,,,56.25,84.39,,
"Natural Gas, Transco Zone 6 NY, $ per MMBtu-I",2.43,2017-09-13,0.8878912573524571,69.01,80.29,rain,,66.08,81.91,rain,
"Natural Gas, Transco Zone 6 NY, $ per MMBtu-I",2.56,2017-09-14,0.9400072584914712,64.25,80.9,rain,,67.99,80.38,rain,
"Natural Gas, Transco Zone 6 NY, $ per MMBtu-I",2.28,2017-09-15,0.8241754429663494,65.94,81.37,,,67.0,80.33,rain,
"Natural Gas, Transco Zone 6 NY, $ per MMBtu-I",3.08,2017-09-18,1.1249295969854831,69.61,73.75,,,63.39,69.23,rain,
"Natural Gas, Transco Zone 6 NY, $ per MMBtu-I",3.17,2017-09-19,1.1537315878891892,70.04,76.59,rain,,63.64,65.4,rain,
"Natural Gas, Transco Zone 6 NY, $ per MMBtu-I",3.16,2017-09-20,1.1505720275988207,70.15,79.34,,,68.11,69.24,rain,
"Natural Gas, Transco Zone 6 NY, $ per MMBtu-I",2.99,2017-09-21,1.095273387402595,64.95,81.27,,,58.65,71.73,,
"Natural Gas, Transco Zone 6 NY, $ per MMBtu-I",3.01,2017-09-22,1.1019400787607843,66.53,82.58,,,59.93,60.39,rain,
"Natural Gas, Transco Zone 6 NY, $ per MMBtu-I",3.04,2017-09-25,1.1118575154181303,67.04,87.85,,,65.1,85.36,,
"Natural Gas, Transco Zone 6 NY, $ per MMBtu-I",2.94,2017-09-26,1.0784095813505903,68.57,81.23,,,64.14,83.97,,
"Natural Gas, Transco Zone 6 NY, $ per MMBtu-I",2.78,2017-09-27,1.0224509277025455,70.49,85.34,,,72.35,85.8,,
"Natural Gas, Transco Zone 6 NY, $ per MMBtu-I",1.21,2017-09-28,0.1906203596086497,51.46,76.23,,,47.47,75.63,,
"Natural Gas, Transco Zone 6 NY, $ per MMBtu-I",1.52,2017-09-29,0.41871033485818504,54.37,67.83,,,52.1,65.81,,
"Natural Gas, Transco Zone 6 NY, $ per MMBtu-I",1.87,2017-10-02,0.6259384308664954,49.32,72.1,,,45.24,67.89,,
"Natural Gas, Transco Zone 6 NY, $ per MMBtu-I",2.44,2017-10-03,0.8919980393051105,49.44,69.4,,,50.28,66.92,,
"Natural Gas, Transco Zone 6 NY, $ per MMBtu-I",2.78,2017-10-04,1.0224509277025455,62.37,76.19,,,62.85,76.34,,
"Natural Gas, Transco Zone 6 NY, $ per MMBtu-I",2.69,2017-10-05,0.9895411936137477,66.14,82.52,rain,,54.03,79.07,,
"Natural Gas, Transco Zone 6 NY, $ per MMBtu-I",2.57,2017-10-06,0.9439058989071284,64.32,80.48,rain,,58.64,73.02,,
"Natural Gas, Transco Zone 6 NY, $ per MMBtu-I",2.89,2017-10-09,1.0612565021243408,65.9,75.68,rain,,66.01,73.41,rain,
"Natural Gas, Transco Zone 6 NY, $ per MMBtu-I",2.89,2017-10-10,1.0612565021243408,62.81,80.12,,,56.9,77.14,,
"Natural Gas, Transco Zone 6 NY, $ per MMBtu-I",2.62,2017-10-11,0.9631743177730056,57.24,73.46,rain,,52.23,68.13,,
"Natural Gas, Transco Zone 6 NY, $ per MMBtu-I",2.2,2017-10-12,0.7884573603642703,52.11,63.23,rain,,39.65,58.03,,
"Natural Gas, Transco Zone 6 NY, $ per MMBtu-I",1.3,2017-10-13,0.26236426446749106,61.24,64.71,,,55.37,63.18,,
"Natural Gas, Transco Zone 6 NY, $ per MMBtu-I",2.85,2017-10-16,1.0473189942805592,39.52,59.83,rain,,36.75,61.75,rain,
"Natural Gas, Transco Zone 6 NY, $ per MMBtu-I",2.79,2017-10-17,1.0260415958332743,45.68,60.13,,,45.43,57.0,,
"Natural Gas, Transco Zone 6 NY, $ per MMBtu-I",2.79,2017-10-18,1.0260415958332743,48.57,72.61,,,46.22,70.72,,
"Natural Gas, Transco Zone 6 NY, $ per MMBtu-I",2.47,2017-10-19,0.9042181506398859,53.26,71.7,,,54.71,73.11,,
"Natural Gas, Transco Zone 6 NY, $ per MMBtu-I",1.66,2017-10-20,0.5068176023684519,47.46,73.86,,,46.01,69.37,,
"Natural Gas, Transco Zone 6 NY, $ per MMBtu-I",2.88,2017-10-23,1.0577902941478545,68.35,73.18,,,59.92,67.15,,
"Natural Gas, Transco Zone 6 NY, $ per MMBtu-I",2.92,2017-10-24,1.0715836162801904,54.94,73.71,rain,,66.87,73.48,rain,
"Natural Gas, Transco Zone 6 NY, $ per MMBtu-I",2.93,2017-10-25,1.075002423028976,51.0,65.61,rain,,59.24,67.98,rain,
"Natural Gas, Transco Zone 6 NY, $ per MMBtu-I",2.71,2017-10-26,0.9969486348916096,42.09,56.31,rain,,44.62,60.49,rain,
"Natural Gas, Transco Zone 6 NY, $ per MMBtu-I",2.29,2017-10-27,0.8285518175661483,45.63,63.01,,,41.59,61.76,rain,
"Natural Gas, Transco Zone 6 NY, $ per MMBtu-I",2.94,2017-10-30,1.0784095813505903,44.35,55.66,rain,,46.87,61.92,rain,
"Natural Gas, Transco Zone 6 NY, $ per MMBtu-I",2.64,2017-10-31,0.9707789171582248,37.55,56.85,rain,,35.3,57.44,,
"Natural Gas, Transco Zone 6 NY, $ per MMBtu-I",1.99,2017-11-02,0.688134638736401,58.36,73.22,rain,,58.42,70.19,,
"Natural Gas, Transco Zone 6 NY, $ per MMBtu-I",1.49,2017-11-03,0.3987761199573678,43.55,73.45,,,41.73,74.55,rain,
"Natural Gas, Transco Zone 6 NY, $ per MMBtu-I",3.03,2017-11-06,1.1085626195212777,39.84,66.18,rain,,39.61,65.81,rain,
"Natural Gas, Transco Zone 6 NY, $ per MMBtu-I",3.08,2017-11-07,1.1249295969854831,39.2,48.28,rain,,36.88,47.23,rain,
"Natural Gas, Transco Zone 6 NY, $ per MMBtu-I",3.19,2017-11-08,1.1600209167967532,38.13,49.16,rain,,27.63,44.63,rain,
"Natural Gas, Transco Zone 6 NY, $ per MMBtu-I",5.67,2017-11-09,1.7351891177396608,37.47,53.44,rain,,40.22,49.63,rain,
"Natural Gas, Transco Zone 6 NY, $ per MMBtu-I",3.43,2017-11-10,1.2325602611778486,23.62,39.06,rain,,21.99,41.93,rain,
"Natural Gas, Transco Zone 6 NY, $ per MMBtu-I",3.24,2017-11-13,1.1755733298042381,33.87,46.88,rain,,36.04,41.41,rain,
"Natural Gas, Transco Zone 6 NY, $ per MMBtu-I",3.15,2017-11-14,1.1474024528375417,34.28,47.11,rain,,33.26,42.06,rain,
"Natural Gas, Transco Zone 6 NY, $ per MMBtu-I",3.11,2017-11-15,1.1346227261911428,46.95,48.75,,,30.88,43.69,rain,
"Natural Gas, Transco Zone 6 NY, $ per MMBtu-I",3.08,2017-11-16,1.1249295969854831,39.43,56.6,rain,,38.59,50.15,rain,
"Natural Gas, Transco Zone 6 NY, $ per MMBtu-I",3.12,2017-11-17,1.1378330018213911,29.07,48.11,,,25.65,42.65,rain,
"Natural Gas, Transco Zone 6 NY, $ per MMBtu-I",2.96,2017-11-20,1.085189268335969,37.36,46.51,rain,,34.55,40.93,,
"Natural Gas, Transco Zone 6 NY, $ per MMBtu-I",3.06,2017-11-21,1.1184149159642893,45.48,58.38,,,46.77,58.39,,
"Natural Gas, Transco Zone 6 NY, $ per MMBtu-I",3.0,2017-11-22,1.0986122886681098,29.51,51.97,rain,,29.96,52.48,rain,
"Natural Gas, Transco Zone 6 NY, $ per MMBtu-I",2.75,2017-11-27,1.0116009116784799,32.74,51.78,,,21.18,45.33,,
"Natural Gas, Transco Zone 6 NY, $ per MMBtu-I",2.97,2017-11-28,1.0885619528146082,45.3,52.63,,,37.34,40.68,,
"Natural Gas, Transco Zone 6 NY, $ per MMBtu-I",3.04,2017-11-29,1.1118575154181303,34.12,63.43,,,28.41,59.91,,
"Natural Gas, Transco Zone 6 NY, $ per MMBtu-I",2.93,2017-11-30,1.075002423028976,41.29,49.61,rain,,42.96,44.98,,
"Natural Gas, Transco Zone 6 NY, $ per MMBtu-I",2.47,2017-12-01,0.9042181506398859,32.15,51.3,rain,,30.28,50.14,rain,
"Natural Gas, Transco Zone 6 NY, $ per MMBtu-I",2.86,2017-12-04,1.0508216248317612,45.95,50.21,,,33.09,44.74,,
"Natural Gas, Transco Zone 6 NY, $ per MMBtu-I",2.97,2017-12-05,1.0885619528146082,42.83,61.06,rain,,49.02,53.8,rain,
"Natural Gas, Transco Zone 6 NY, $ per MMBtu-I",3.26,2017-12-06,1.1817271953786161,34.69,45.09,rain,,30.57,50.25,rain,
"Natural Gas, Transco Zone 6 NY, $ per MMBtu-I",3.95,2017-12-07,1.3737155789130306,32.55,44.21,,,28.5,44.74,,
"Natural Gas, Transco Zone 6 NY, $ per MMBtu-I",4.17,2017-12-08,1.4279160358107101,34.18,37.45,,,33.72,38.55,,
"Natural Gas, Transco Zone 6 NY, $ per MMBtu-I",3.77,2017-12-11,1.3270750014599193,34.74,41.15,rain,,29.05,38.02,snow,0.011
"Natural Gas, Transco Zone 6 NY, $ per MMBtu-I",5.65,2017-12-12,1.7316555451583497,20.25,47.82,rain,,21.17,43.09,rain,
"Natural Gas, Transco Zone 6 NY, $ per MMBtu-I",4.42,2017-12-13,1.4861396960896067,23.46,31.0,,,21.2,23.84,,
"Natural Gas, Transco Zone 6 NY, $ per MMBtu-I",5.07,2017-12-14,1.623340817603092,17.92,31.94,snow,0.247,14.46,29.08,,
"Natural Gas, Transco Zone 6 NY, $ per MMBtu-I",3.22,2017-12-15,1.169381359556317,20.92,26.8,snow,0.077,19.58,26.27,,
"Natural Gas, Transco Zone 6 NY, $ per MMBtu-I",2.87,2017-12-18,1.0543120297715298,43.14,46.09,rain,,33.38,32.98,snow,0.011
"Natural Gas, Transco Zone 6 NY, $ per MMBtu-I",3.14,2017-12-19,1.144222799920162,42.57,55.2,,,39.11,49.86,rain,
"Natural Gas, Transco Zone 6 NY, $ per MMBtu-I",3.44,2017-12-20,1.235471471385307,29.33,44.19,,,25.94,42.5,rain,
"Natural Gas, Transco Zone 6 NY, $ per MMBtu-I",2.56,2017-12-21,0.9400072584914712,33.14,40.17,,,23.27,32.74,,
"Natural Gas, Transco Zone 6 NY, $ per MMBtu-I",3.77,2017-12-22,1.3270750014599193,40.1,45.62,,,25.28,29.72,snow,0.222
"Natural Gas, Transco Zone 6 NY, $ per MMBtu-I",20.92,2017-12-26,3.040705639196722,18.76,28.18,,,9.39,25.28,,
"Natural Gas, Transco Zone 6 NY, $ per MMBtu-I",16.54,2017-12-27,2.805781689595545,12.6,24.43,,,4.23,20.35,,
"Natural Gas, Transco Zone 6 NY, $ per MMBtu-I",15.66,2017-12-28,2.751109690562657,11.45,18.69,,,0.28,11.5,,
"Natural Gas, Transco Zone 6 NY, $ per MMBtu-I",31.16,2017-12-29,3.4391352210025476,15.16,21.94,,,3.26,13.2,,
"Natural Gas, Transco Zone 6 NY, $ per MMBtu-I",17.47,2018-01-02,2.8604851241459652,11.77,25.78,,,13.51,17.64,,
"Natural Gas, Transco Zone 6 NY, $ per MMBtu-I",48.38,2018-01-03,3.8790865051818813,23.3,28.86,,,16.62,29.01,snow,0.057
"Natural Gas, Transco Zone 6 NY, $ per MMBtu-I",140.06,2018-01-04,4.942070902227372,9.14,24.25,snow,0.726,11.78,28.36,snow,0.824
"Natural Gas, Transco Zone 6 NY, $ per MMBtu-I",49.82,2018-01-05,3.9084165098340344,7.39,16.3,,,5.11,14.22,snow,0.029
"Natural Gas, Transco Zone 6 NY, $ per MMBtu-I",5.84,2018-01-08,1.7647307968401356,28.24,30.39,snow,0.04,30.66,35.05,snow,0.007
"Natural Gas, Transco Zone 6 NY, $ per MMBtu-I",3.82,2018-01-09,1.3402504226184837,22.93,43.52,rain,,18.71,41.29,rain,
"Natural Gas, Transco Zone 6 NY, $ per MMBtu-I",3.22,2018-01-10,1.169381359556317,36.23,40.36,rain,,30.81,36.94,snow,0.005
"Natural Gas, Transco Zone 6 NY, $ per MMBtu-I",3.21,2018-01-11,1.1662709371419244,42.81,51.11,rain,,45.41,51.14,rain,
"Natural Gas, Transco Zone 6 NY, $ per MMBtu-I",17.9,2018-01-12,2.884800712846709,33.79,62.11,rain,,58.15,59.7,rain,
"Natural Gas, Transco Zone 6 NY, $ per MMBtu-I",13.48,2018-01-16,2.601207105484161,33.23,36.88,,,32.11,33.47,,
"Natural Gas, Transco Zone 6 NY, $ per MMBtu-I",9.26,2018-01-17,2.225704048658088,16.67,33.75,snow,0.497,19.16,34.15,snow,0.561
"Natural Gas, Transco Zone 6 NY, $ per MMBtu-I",4.45,2018-01-18,1.4929040961781488,20.2,32.15,,,20.48,30.47,snow,0.073
"Natural Gas, Transco Zone 6 NY, $ per MMBtu-I",3.4,2018-01-19,1.2237754316221157,32.9,38.53,snow,0,29.1,34.12,snow,0.051
"Natural Gas, Transco Zone 6 NY, $ per MMBtu-I",3.13,2018-01-22,1.1410330045520618,39.22,49.47,rain,,32.7,37.54,rain,
"Natural Gas, Transco Zone 6 NY, $ per MMBtu-I",3.71,2018-01-23,1.3110318766193438,41.08,59.33,rain,,35.38,48.67,rain,
"Natural Gas, Transco Zone 6 NY, $ per MMBtu-I",5.12,2018-01-24,1.6331544390514163,23.21,41.66,,,19.99,38.05,rain,
"Natural Gas, Transco Zone 6 NY, $ per MMBtu-I",3.66,2018-01-25,1.297463147413275,21.7,34.82,,,17.86,29.26,,
"Natural Gas, Transco Zone 6 NY, $ per MMBtu-I",3.5,2018-01-26,1.252762968495368,28.3,38.72,,,24.77,33.38,,
"Natural Gas, Transco Zone 6 NY, $ per MMBtu-I",8.57,2018-01-29,2.1482677326096886,30.73,43.43,,,20.91,37.96,,
"Natural Gas, Transco Zone 6 NY, $ per MMBtu-I",5.33,2018-01-30,1.673351238177753,16.97,35.33,snow,0.143,16.13,30.89,snow,0.09
"Natural Gas, Transco Zone 6 NY, $ per MMBtu-I",4.53,2018-01-31,1.5107219394949427,30.29,32.22,,,27.41,30.96,snow,0.112
"Natural Gas, Transco Zone 6 NY, $ per MMBtu-I",7.87,2018-02-01,2.063058062429312,27.34,44.14,rain,,30.52,45.92,rain,
"Natural Gas, Transco Zone 6 NY, $ per MMBtu-I",4.66,2018-02-02,1.5390154481375546,15.49,29.45,snow,0.034,8.29,32.32,snow,0.249
"Natural Gas, Transco Zone 6 NY, $ per MMBtu-I",3.48,2018-02-05,1.247032293786383,23.01,35.94,snow,0.015,20.75,40.76,rain,
"Natural Gas, Transco Zone 6 NY, $ per MMBtu-I",3.0,2018-02-06,1.0986122886681098,27.33,36.36,,,19.57,32.62,,
"Natural Gas, Transco Zone 6 NY, $ per MMBtu-I",4.81,2018-02-07,1.5706970841176697,24.91,41.78,rain,,22.17,36.0,rain,
"Natural Gas, Transco Zone 6 NY, $ per MMBtu-I",2.87,2018-02-08,1.0543120297715298,21.95,32.59,snow,0.06,18.12,29.27,snow,0.131
"Natural Gas, Transco Zone 6 NY, $ per MMBtu-I",2.68,2018-02-09,0.9858167945227654,34.01,34.35,,,29.12,31.12,snow,0.025
"Natural Gas, Transco Zone 6 NY, $ per MMBtu-I",2.77,2018-02-12,1.0188473201992472,25.74,44.35,rain,,23.86,42.89,rain,
"Natural Gas, Transco Zone 6 NY, $ per MMBtu-I",2.59,2018-02-13,0.9516578757114463,32.15,36.55,,,27.71,31.89,,
"Natural Gas, Transco Zone 6 NY, $ per MMBtu-I",2.45,2018-02-14,0.8960880245566357,44.09,52.59,rain,,36.3,48.21,,
"Natural Gas, Transco Zone 6 NY, $ per MMBtu-I",2.54,2018-02-15,0.9321640810304452,52.8,59.3,rain,,46.03,49.35,rain,
"Natural Gas, Transco Zone 6 NY, $ per MMBtu-I",2.62,2018-02-16,0.9631743177730056,27.02,57.88,rain,,25.41,51.84,rain,
"Natural Gas, Transco Zone 6 NY, $ per MMBtu-I",2.52,2018-02-20,0.9242589015233319,57.09,67.64,rain,,47.29,69.05,rain,
"Natural Gas, Transco Zone 6 NY, $ per MMBtu-I",2.71,2018-02-21,0.9969486348916096,44.78,78.05,rain,,41.77,72.75,,
"Natural Gas, Transco Zone 6 NY, $ per MMBtu-I",2.57,2018-02-22,0.9439058989071284,36.68,45.39,rain,,28.45,41.87,rain,
"Natural Gas, Transco Zone 6 NY, $ per MMBtu-I",2.45,2018-02-23,0.8960880245566357,39.51,39.39,rain,,36.34,40.84,rain,
"Natural Gas, Transco Zone 6 NY, $ per MMBtu-I",2.64,2018-02-26,0.9707789171582248,34.69,51.4,,,30.15,50.39,rain,
"Natural Gas, Transco Zone 6 NY, $ per MMBtu-I",2.57,2018-02-27,0.9439058989071284,36.54,55.96,rain,,39.34,52.69,,
"Natural Gas, Transco Zone 6 NY, $ per MMBtu-I",2.7,2018-02-28,0.9932517730102834,43.56,61.26,,,38.72,59.95,,
"Natural Gas, Transco Zone 6 NY, $ per MMBtu-I",2.72,2018-03-01,1.000631880307906,36.83,59.22,rain,,36.63,59.97,,
"Natural Gas, Transco Zone 6 NY, $ per MMBtu-I",2.66,2018-03-02,0.9783261227936078,34.56,38.09,rain,,35.51,41.87,rain,
"Natural Gas, Transco Zone 6 NY, $ per MMBtu-I",2.77,2018-03-05,1.0188473201992472,30.05,42.84,rain,,31.27,43.93,rain,
"Natural Gas, Transco Zone 6 NY, $ per MMBtu-I",3.03,2018-03-06,1.1085626195212777,33.85,45.92,,,33.86,36.51,,
"Natural Gas, Transco Zone 6 NY, $ per MMBtu-I",3.09,2018-03-07,1.128171090909654,31.96,35.87,snow,1.795,30.89,36.98,snow,1.088
"Natural Gas, Transco Zone 6 NY, $ per MMBtu-I",2.79,2018-03-08,1.0260415958332743,29.23,39.13,rain,,28.29,36.2,snow,2.423
"Natural Gas, Transco Zone 6 NY, $ per MMBtu-I",2.85,2018-03-09,1.0473189942805592,30.29,41.41,rain,,31.76,36.96,snow,0.378
"Natural Gas, Transco Zone 6 NY, $ per MMBtu-I",3.13,2018-03-12,1.1410330045520618,33.21,42.35,rain,,32.35,41.72,rain,
"Natural Gas, Transco Zone 6 NY, $ per MMBtu-I",3.41,2018-03-13,1.2267122912954254,30.38,40.01,snow,0.661,27.43,32.85,snow,1.263
"Natural Gas, Transco Zone 6 NY, $ per MMBtu-I",2.83,2018-03-14,1.0402767116551463,32.2,39.94,,,32.12,39.04,rain,
"Natural Gas, Transco Zone 6 NY, $ per MMBtu-I",2.81,2018-03-15,1.0331844833456545,32.3,46.08,,,29.31,42.36,rain,
"Natural Gas, Transco Zone 6 NY, $ per MMBtu-I",2.84,2018-03-16,1.0438040521731147,26.95,39.16,,,24.07,36.83,snow,0.007
"Natural Gas, Transco Zone 6 NY, $ per MMBtu-I",2.88,2018-03-19,1.0577902941478545,30.53,45.94,,,22.25,36.8,,
"Natural Gas, Transco Zone 6 NY, $ per MMBtu-I",3.84,2018-03-20,1.3454723665996355,33.16,36.85,,,30.88,40.61,,
"Natural Gas, Transco Zone 6 NY, $ per MMBtu-I",2.9,2018-03-21,1.0647107369924282,31.78,34.31,snow,0.637,32.38,35.62,,
"Natural Gas, Transco Zone 6 NY, $ per MMBtu-I",2.74,2018-03-22,1.007957920399979,33.9,49.37,rain,,31.18,42.38,snow,0.495
"Natural Gas, Transco Zone 6 NY, $ per MMBtu-I",2.8,2018-03-23,1.0296194171811581,33.53,48.48,,,35.21,44.5,,
"Natural Gas, Transco Zone 6 NY, $ per MMBtu-I",2.67,2018-03-26,0.9820784724121582,30.02,47.17,,,25.53,40.46,,
"Natural Gas, Transco Zone 6 NY, $ per MMBtu-I",2.57,2018-03-27,0.9439058989071284,37.33,43.03,rain,,35.78,46.62,,
"Natural Gas, Transco Zone 6 NY, $ per MMBtu-I",2.52,2018-03-28,0.9242589015233319,47.33,50.52,rain,,34.87,56.19,rain,
"Natural Gas, Transco Zone 6 NY, $ per MMBtu-I",2.77,2018-03-29,1.0188473201992472,46.57,50.45,rain,,45.45,54.81,rain,
"Natural Gas, Transco Zone 6 NY, $ per MMBtu-I",2.75,2018-04-02,1.0116009116784799,33.72,41.78,rain,,29.56,40.23,snow,0.563
"Natural Gas, Transco Zone 6 NY, $ per MMBtu-I",2.81,2018-04-03,1.0331844833456545,40.26,41.25,rain,,37.84,47.57,rain,
"Natural Gas, Transco Zone 6 NY, $ per MMBtu-I",2.92,2018-04-04,1.0715836162801904,33.22,54.43,rain,,29.66,56.77,rain,
"Natural Gas, Transco Zone 6 NY, $ per MMBtu-I",2.88,2018-04-05,1.0577902941478545,33.45,44.36,,,26.1,42.06,,
"Natural Gas, Transco Zone 6 NY, $ per MMBtu-I",3.16,2018-04-06,1.1505720275988207,40.04,60.78,rain,,35.67,40.2,snow,0.489
"Natural Gas, Transco Zone 6 NY, $ per MMBtu-I",3.21,2018-04-09,1.1662709371419244,36.85,47.8,,,33.64,45.68,,
"Natural Gas, Transco Zone 6 NY, $ per MMBtu-I",3.17,2018-04-10,1.1537315878891892,30.71,48.32,rain,,29.81,40.79,rain,
"Natural Gas, Transco Zone 6 NY, $ per MMBtu-I",2.79,2018-04-11,1.0260415958332743,41.45,50.21,,,33.8,47.8,,
"Natural Gas, Transco Zone 6 NY, $ per MMBtu-I",2.38,2018-04-12,0.8671004876833833,57.59,61.0,,,45.5,56.24,rain,
"Natural Gas, Transco Zone 6 NY, $ per MMBtu-I",2.81,2018-04-13,1.0331844833456545,61.4,82.43,,,45.92,68.01,,
"Natural Gas, Transco Zone 6 NY, $ per MMBtu-I",3.0,2018-04-16,1.0986122886681098,40.15,59.76,rain,,41.67,51.7,rain,
"Natural Gas, Transco Zone 6 NY, $ per MMBtu-I",2.9,2018-04-17,1.0647107369924282,36.94,45.71,rain,,35.28,48.97,rain,
"Natural Gas, Transco Zone 6 NY, $ per MMBtu-I",3.05,2018-04-18,1.1151415906193203,41.81,53.36,,,37.75,52.56,,
"Natural Gas, Transco Zone 6 NY, $ per MMBtu-I",2.82,2018-04-19,1.0367368849500223,36.4,44.92,rain,,34.88,43.4,rain,
"Natural Gas, Transco Zone 6 NY, $ per MMBtu-I",2.75,2018-04-20,1.0116009116784799,36.11,50.75,,,36.26,52.45,,
"Natural Gas, Transco Zone 6 NY, $ per MMBtu-I",2.71,2018-04-23,0.9969486348916096,40.46,63.94,,,39.39,62.3,,
"Natural Gas, Transco Zone 6 NY, $ per MMBtu-I",2.65,2018-04-24,0.9745596399981308,52.33,64.11,rain,,49.12,69.07,,
"Natural Gas, Transco Zone 6 NY, $ per MMBtu-I",2.44,2018-04-25,0.8919980393051105,54.92,58.03,rain,,53.68,55.71,rain,
"Natural Gas, Transco Zone 6 NY, $ per MMBtu-I",2.4,2018-04-26,0.8754687373538999,53.09,68.29,rain,,45.44,67.58,rain,
"Natural Gas, Transco Zone 6 NY, $ per MMBtu-I",2.37,2018-04-27,0.8628899551470398,48.62,54.07,rain,,48.18,60.94,rain,
"Natural Gas, Transco Zone 6 NY, $ per MMBtu-I",2.68,2018-04-30,0.9858167945227654,44.89,51.06,rain,,40.89,47.73,rain,
"Natural Gas, Transco Zone 6 NY, $ per MMBtu-I",2.58,2018-05-01,0.9477893989335261,59.13,80.37,,,56.58,66.69,rain,
"Natural Gas, Transco Zone 6 NY, $ per MMBtu-I",2.76,2018-05-02,1.0152306797290584,67.13,88.89,,,65.89,89.88,,
"Natural Gas, Transco Zone 6 NY, $ per MMBtu-I",2.69,2018-05-03,0.9895411936137477,68.19,91.6,rain,,68.89,89.38,rain,
"Natural Gas, Transco Zone 6 NY, $ per MMBtu-I",2.03,2018-05-04,0.7080357930536959,61.6,85.22,rain,,57.53,82.28,rain,
"Natural Gas, Transco Zone 6 NY, $ per MMBtu-I",2.63,2018-05-07,0.9669838461896731,50.11,74.21,,,45.28,63.13,rain,
"Natural Gas, Transco Zone 6 NY, $ per MMBtu-I",2.55,2018-05-08,0.9360933591703348,49.39,70.37,,,47.87,69.48,,
"Natural Gas, Transco Zone 6 NY, $ per MMBtu-I",2.69,2018-05-09,0.9895411936137477,52.39,74.37,,,49.76,71.72,,
"Natural Gas, Transco Zone 6 NY, $ per MMBtu-I",2.46,2018-05-10,0.9001613499442714,58.86,71.14,rain,,56.52,70.07,rain,
"Natural Gas, Transco Zone 6 NY, $ per MMBtu-I",2.5,2018-05-11,0.9162907318741551,52.05,73.2,rain,,47.61,69.92,,
"Natural Gas, Transco Zone 6 NY, $ per MMBtu-I",2.41,2018-05-14,0.8796267475025636,60.71,71.19,rain,,58.07,73.2,,
"Natural Gas, Transco Zone 6 NY, $ per MMBtu-I",2.49,2018-05-15,0.9122827104766164,61.65,89.31,rain,,53.67,84.72,rain,
"Natural Gas, Transco Zone 6 NY, $ per MMBtu-I",2.32,2018-05-16,0.8415671856782185,56.84,63.93,rain,,52.23,59.4,rain,
"Natural Gas, Transco Zone 6 NY, $ per MMBtu-I",2.61,2018-05-17,0.959350221334602,62.01,70.74,rain,,56.16,75.25,rain,
"Natural Gas, Transco Zone 6 NY, $ per MMBtu-I",2.46,2018-05-18,0.9001613499442714,49.67,64.08,rain,,41.11,57.75,,
"Natural Gas, Transco Zone 6 NY, $ per MMBtu-I",2.72,2018-05-21,1.000631880307906,58.2,75.99,,,53.62,78.06,,
"Natural Gas, Transco Zone 6 NY, $ per MMBtu-I",2.85,2018-05-22,1.0473189942805592,57.89,65.75,rain,,54.6,66.49,rain,
"Natural Gas, Transco Zone 6 NY, $ per MMBtu-I",2.87,2018-05-23,1.0543120297715298,61.28,80.7,rain,,52.32,82.04,rain,
"Natural Gas, Transco Zone 6 NY, $ per MMBtu-I",2.75,2018-05-24,1.0116009116784799,60.1,82.73,,,53.82,70.72,,
"Natural Gas, Transco Zone 6 NY, $ per MMBtu-I",2.63,2018-05-25,0.9669838461896731,69.72,86.23,,,68.94,87.92,,
"Natural Gas, Transco Zone 6 NY, $ per MMBtu-I",2.79,2018-05-29,1.0260415958332743,64.1,86.67,,,60.68,85.75,,
"Natural Gas, Transco Zone 6 NY, $ per MMBtu-I",2.72,2018-05-30,1.000631880307906,60.16,70.67,,,55.18,71.43,,
"Natural Gas, Transco Zone 6 NY, $ per MMBtu-I",2.97,2018-05-31,1.0885619528146082,65.25,69.4,rain,,65.83,82.5,,
"Natural Gas, Transco Zone 6 NY, $ per MMBtu-I",2.47,2018-06-01,0.9042181506398859,68.97,81.2,rain,,70.17,79.66,,
"Natural Gas, Transco Zone 6 NY, $ per MMBtu-I",2.8,2018-06-04,1.0296194171811581,55.23,71.3,rain,,49.62,53.52,rain,
"Natural Gas, Transco Zone 6 NY, $ per MMBtu-I",2.63,2018-06-05,0.9669838461896731,57.79,73.63,rain,,53.23,63.51,rain,
"Natural Gas, Transco Zone 6 NY, $ per MMBtu-I",2.67,2018-06-06,0.9820784724121582,59.39,68.98,,,54.36,66.02,,
"Natural Gas, Transco Zone 6 NY, $ per MMBtu-I",2.77,2018-06-07,1.0188473201992472,56.88,70.38,,,54.51,70.49,,
"Natural Gas, Transco Zone 6 NY, $ per MMBtu-I",2.32,2018-06-08,0.8415671856782185,65.6,81.31,,,58.72,79.68,,
"Natural Gas, Transco Zone 6 NY, $ per MMBtu-I",2.83,2018-06-11,1.0402767116551463,52.37,70.36,rain,,52.16,68.83,,
"Natural Gas, Transco Zone 6 NY, $ per MMBtu-I",2.84,2018-06-12,1.0438040521731147,61.39,74.17,,,58.14,78.96,,
"Natural Gas, Transco Zone 6 NY, $ per MMBtu-I",2.79,2018-06-13,1.0260415958332743,66.45,77.63,rain,,67.97,74.42,,
"Natural Gas, Transco Zone 6 NY, $ per MMBtu-I",2.78,2018-06-14,1.0224509277025455,61.96,83.81,rain,,55.72,77.97,,
"Natural Gas, Transco Zone 6 NY, $ per MMBtu-I",3.07,2018-06-15,1.1216775615991057,58.76,75.84,,,54.58,67.08,rain,
"Natural Gas, Transco Zone 6 NY, $ per MMBtu-I",3.19,2018-06-18,1.1600209167967532,75.19,90.95,rain,,71.68,87.74,rain,
"Natural Gas, Transco Zone 6 NY, $ per MMBtu-I",2.67,2018-06-19,0.9820784724121582,67.51,86.81,rain,,58.4,82.18,rain,
"Natural Gas, Transco Zone 6 NY, $ per MMBtu-I",2.8,2018-06-20,1.0296194171811581,66.57,82.05,,,61.98,81.15,,
"Natural Gas, Transco Zone 6 NY, $ per MMBtu-I",2.61,2018-06-21,0.959350221334602,67.06,83.55,rain,,58.19,80.86,,
"Natural Gas, Transco Zone 6 NY, $ per MMBtu-I",2.69,2018-06-22,0.9895411936137477,63.31,71.15,rain,,57.85,74.7,,
"Natural Gas, Transco Zone 6 NY, $ per MMBtu-I",2.73,2018-06-25,1.0043016091968684,61.43,80.83,,,54.17,70.34,rain,
"Natural Gas, Transco Zone 6 NY, $ per MMBtu-I",2.73,2018-06-26,1.0043016091968684,62.0,76.0,,,61.67,78.26,,
"Natural Gas, Transco Zone 6 NY, $ per MMBtu-I",3.02,2018-06-27,1.1052568313867783,70.16,73.19,rain,,64.54,78.5,rain,
"Natural Gas, Transco Zone 6 NY, $ per MMBtu-I",3.39,2018-06-28,1.220829921392359,69.16,84.31,rain,,67.88,73.92,rain,
"Natural Gas, Transco Zone 6 NY, $ per MMBtu-I",3.38,2018-06-29,1.2178757094949273,68.89,89.73,,,70.77,88.71,,
"Natural Gas, Transco Zone 6 NY, $ per MMBtu-I",3.48,2018-07-02,1.247032293786383,76.36,93.58,,,72.13,86.57,,
"Natural Gas, Transco Zone 6 NY, $ per MMBtu-I",3.06,2018-07-03,1.1184149159642893,74.6,91.47,rain,,75.17,95.96,,
"Natural Gas, Transco Zone 6 NY, $ per MMBtu-I",2.92,2018-07-05,1.0715836162801904,74.0,89.01,,,77.54,92.12,,
"Natural Gas, Transco Zone 6 NY, $ per MMBtu-I",2.39,2018-07-06,0.8712933659434193,62.07,81.21,rain,,56.53,82.28,rain,
"Natural Gas, Transco Zone 6 NY, $ per MMBtu-I",3.07,2018-07-09,1.1216775615991057,66.62,85.87,,,65.42,89.62,,
"Natural Gas, Transco Zone 6 NY, $ per MMBtu-I",2.95,2018-07-10,1.0818051703517284,72.99,91.51,,,67.59,93.17,,
"Natural Gas, Transco Zone 6 NY, $ per MMBtu-I",2.92,2018-07-11,1.0715836162801904,68.93,85.68,,,59.03,75.79,rain,
"Natural Gas, Transco Zone 6 NY, $ per MMBtu-I",2.94,2018-07-12,1.0784095813505903,64.65,83.03,rain,,62.62,78.67,,
"Natural Gas, Transco Zone 6 NY, $ per MMBtu-I",2.94,2018-07-13,1.0784095813505903,66.06,83.64,,,60.4,82.77,,
"Natural Gas, Transco Zone 6 NY, $ per MMBtu-I",2.92,2018-07-16,1.0715836162801904,75.46,89.82,,,73.31,84.26,,
"Natural Gas, Transco Zone 6 NY, $ per MMBtu-I",2.85,2018-07-17,1.0473189942805592,67.07,87.85,rain,,69.34,88.26,rain,
"Natural Gas, Transco Zone 6 NY, $ per MMBtu-I",2.83,2018-07-18,1.0402767116551463,61.77,83.7,,,57.53,82.16,rain,
"Natural Gas, Transco Zone 6 NY, $ per MMBtu-I",2.77,2018-07-19,1.0188473201992472,63.99,81.75,,,60.27,80.03,rain,
"Natural Gas, Transco Zone 6 NY, $ per MMBtu-I",2.71,2018-07-20,0.9969486348916096,65.58,80.88,,,58.07,82.74,,
"Natural Gas, Transco Zone 6 NY, $ per MMBtu-I",2.85,2018-07-23,1.0473189942805592,75.91,81.24,rain,,74.46,83.98,rain,
"Natural Gas, Transco Zone 6 NY, $ per MMBtu-I",2.83,2018-07-24,1.0402767116551463,73.03,83.29,rain,,74.86,86.89,,
"Natural Gas, Transco Zone 6 NY, $ per MMBtu-I",2.88,2018-07-25,1.0577902941478545,72.37,79.4,rain,,73.54,83.97,rain,
"Natural Gas, Transco Zone 6 NY, $ per MMBtu-I",2.88,2018-07-26,1.0577902941478545,71.4,86.09,rain,,69.62,82.31,rain,
"Natural Gas, Transco Zone 6 NY, $ per MMBtu-I",2.81,2018-07-27,1.0331844833456545,68.93,86.41,rain,,72.93,88.89,rain,
"Natural Gas, Transco Zone 6 NY, $ per MMBtu-I",2.87,2018-07-30,1.0543120297715298,66.67,78.48,,,65.32,81.97,,
"Natural Gas, Transco Zone 6 NY, $ per MMBtu-I",2.91,2018-07-31,1.0681530811834012,73.41,80.07,,,66.5,86.35,,
"Natural Gas, Transco Zone 6 NY, $ per MMBtu-I",2.92,2018-08-01,1.0715836162801904,74.1,87.41,rain,,76.58,82.58,,
"Natural Gas, Transco Zone 6 NY, $ per MMBtu-I",2.88,2018-08-02,1.0577902941478545,75.09,85.44,rain,,76.21,92.64,rain,
"Natural Gas, Transco Zone 6 NY, $ per MMBtu-I",2.97,2018-08-03,1.0885619528146082,74.42,83.8,rain,,74.32,88.46,rain,
"Natural Gas, Transco Zone 6 NY, $ per MMBtu-I",3.47,2018-08-06,1.244154593958768,75.19,91.68,,,74.69,93.95,,
"Natural Gas, Transco Zone 6 NY, $ per MMBtu-I",3.44,2018-08-07,1.235471471385307,73.5,89.44,rain,,73.83,93.36,rain,
"Natural Gas, Transco Zone 6 NY, $ per MMBtu-I",3.07,2018-08-08,1.1216775615991057,75.23,89.43,,,74.1,88.71,rain,
"Natural Gas, Transco Zone 6 NY, $ per MMBtu-I",3.01,2018-08-09,1.1019400787607843,70.02,88.27,rain,,68.03,87.57,rain,
"Natural Gas, Transco Zone 6 NY, $ per MMBtu-I",2.94,2018-08-10,1.0784095813505903,71.46,87.02,,,69.41,85.8,,
"Natural Gas, Transco Zone 6 NY, $ per MMBtu-I",3.1,2018-08-13,1.1314021114911006,69.95,75.37,rain,,69.33,71.24,rain,
"Natural Gas, Transco Zone 6 NY, $ per MMBtu-I",3.14,2018-08-14,1.144222799920162,69.96,80.27,rain,,70.37,81.28,rain,
"Natural Gas, Transco Zone 6 NY, $ per MMBtu-I",3.14,2018-08-15,1.144222799920162,72.77,87.62,,,72.42,86.05,,
"Natural Gas, Transco Zone 6 NY, $ per MMBtu-I",3.05,2018-08-16,1.1151415906193203,74.11,89.25,,,68.11,88.99,,
"Natural Gas, Transco Zone 6 NY, $ per MMBtu-I",2.81,2018-08-17,1.0331844833456545,73.93,88.39,rain,,73.83,83.3,rain,
"Natural Gas, Transco Zone 6 NY, $ per MMBtu-I",3.01,2018-08-20,1.1019400787607843,66.69,74.1,,,62.25,74.29,rain,
"Natural Gas, Transco Zone 6 NY, $ per MMBtu-I",2.98,2018-08-21,1.091923300517313,72.27,74.99,rain,,64.31,71.68,,
"Natural Gas, Transco Zone 6 NY, $ per MMBtu-I",2.97,2018-08-22,1.0885619528146082,66.38,83.04,rain,,64.53,81.77,rain,
"Natural Gas, Transco Zone 6 NY, $ per MMBtu-I",2.85,2018-08-23,1.0473189942805592,61.63,78.43,rain,,58.12,77.55,,
"Natural Gas, Transco Zone 6 NY, $ per MMBtu-I",2.77,2018-08-24,1.0188473201992472,63.33,82.52,,,62.85,83.6,,
"Natural Gas, Transco Zone 6 NY, $ per MMBtu-I",3.36,2018-08-27,1.2119409739751128,75.55,88.2,,,71.77,88.07,,
"Natural Gas, Transco Zone 6 NY, $ per MMBtu-I",3.15,2018-08-28,1.1474024528375417,77.41,93.85,,,78.68,94.82,,
"Natural Gas, Transco Zone 6 NY, $ per MMBtu-I",3.04,2018-08-29,1.1118575154181303,78.01,93.48,,,75.85,95.45,,
"Natural Gas, Transco Zone 6 NY, $ per MMBtu-I",2.9,2018-08-30,1.0647107369924282,73.26,88.87,,,65.52,87.34,,
"Natural Gas, Transco Zone 6 NY, $ per MMBtu-I",2.95,2018-08-31,1.0818051703517284,69.51,73.82,rain,,58.29,73.49,,
"Natural Gas, Transco Zone 6 NY, $ per MMBtu-I",3.23,2018-09-04,1.172482137234565,74.45,91.13,,,68.85,88.11,,
"Natural Gas, Transco Zone 6 NY, $ per MMBtu-I",3.06,2018-09-05,1.1184149159642893,77.09,89.65,,,73.5,89.26,,
"Natural Gas, Transco Zone 6 NY, $ per MMBtu-I",2.84,2018-09-06,1.0438040521731147,74.1,92.43,rain,,65.88,93.77,rain,
"Natural Gas, Transco Zone 6 NY, $ per MMBtu-I",2.5,2018-09-07,0.9162907318741551,66.97,76.52,rain,,61.98,71.26,rain,
"Natural Gas, Transco Zone 6 NY, $ per MMBtu-I",2.99,2018-09-10,1.095273387402595,62.56,63.34,rain,,61.88,65.35,rain,
"Natural Gas, Transco Zone 6 NY, $ per MMBtu-I",2.96,2018-09-11,1.085189268335969,71.88,74.19,rain,,68.7,75.7,rain,
"Natural Gas, Transco Zone 6 NY, $ per MMBtu-I",2.91,2018-09-12,1.0681530811834012,70.33,77.54,rain,,64.75,69.07,rain,
"Natural Gas, Transco Zone 6 NY, $ per MMBtu-I",2.83,2018-09-13,1.0402767116551463,68.95,75.81,rain,,61.29,71.15,rain,
"Natural Gas, Transco Zone 6 NY, $ per MMBtu-I",2.64,2018-09-14,0.9707789171582248,66.08,74.12,rain,,62.01,75.71,,
"Natural Gas, Transco Zone 6 NY, $ per MMBtu-I",3.08,2018-09-17,1.1249295969854831,74.28,78.61,rain,,70.99,82.21,,
"Natural Gas, Transco Zone 6 NY, $ per MMBtu-I",3.27,2018-09-18,1.184789984909162,67.22,78.97,rain,,61.82,74.71,rain,
"Natural Gas, Transco Zone 6 NY, $ per MMBtu-I",3.01,2018-09-19,1.1019400787607843,65.28,81.14,,,59.53,64.15,rain,
"Natural Gas, Transco Zone 6 NY, $ per MMBtu-I",2.88,2018-09-20,1.0577902941478545,66.55,71.5,rain,,59.16,65.12,,
"Natural Gas, Transco Zone 6 NY, $ per MMBtu-I",2.52,2018-09-21,0.9242589015233319,70.93,73.12,,,65.94,70.84,,
"Natural Gas, Transco Zone 6 NY, $ per MMBtu-I",2.92,2018-09-24,1.0715836162801904,58.43,68.43,,,50.14,57.41,,
"Natural Gas, Transco Zone 6 NY, $ per MMBtu-I",3.02,2018-09-25,1.1052568313867783,69.82,72.08,rain,,66.3,65.0,rain,
"Natural Gas, Transco Zone 6 NY, $ per MMBtu-I",2.85,2018-09-26,1.0473189942805592,61.49,83.03,rain,,60.49,81.44,rain,
"Natural Gas, Transco Zone 6 NY, $ per MMBtu-I",1.8,2018-09-27,0.5877866649021191,60.7,71.84,rain,,57.33,68.78,rain,
"Natural Gas, Transco Zone 6 NY, $ per MMBtu-I",2.38,2018-09-28,0.8671004876833833,54.49,63.54,rain,,51.65,59.87,rain,
